file,source,format,nodes,relationships,properties,time,rows,batchSize,batches,done,data
null,statement: cols(3),csv,860,430,0,189,1720,20000,1,true,"""n"",""r"",""m""
""{""""id"""":3129,""""labels"""":[""""Pathway""""],""""properties"""":{""""name"""":""""SA_B_CELL_RECEPTOR_COMPLEXES"""",""""database_source"""":""""Other""""}}"",""{""""id"""":1164184901721787449,""""type"""":""""HAS_ACTIVITY_IN"""",""""start"""":3129,""""end"""":31,""""properties"""":{""""score"""":0.0}}"",""{""""id"""":31,""""labels"""":[""""CellType""""],""""properties"""":{""""ontology_id"""":""""CL:0000037"""",""""name"""":""""hematopoietic stem cell""""}}""
""{""""id"""":3129,""""labels"""":[""""Pathway""""],""""properties"""":{""""name"""":""""SA_B_CELL_RECEPTOR_COMPLEXES"""",""""database_source"""":""""Other""""}}"",""{""""id"""":1211472697809177657,""""type"""":""""HAS_ACTIVITY_IN"""",""""start"""":3129,""""end"""":37,""""properties"""":{""""score"""":0.0}}"",""{""""id"""":37,""""labels"""":[""""CellType""""],""""properties"""":{""""ontology_id"""":""""CL:0000043"""",""""name"""":""""mature basophil""""}}""
""{""""id"""":3129,""""labels"""":[""""Pathway""""],""""properties"""":{""""name"""":""""SA_B_CELL_RECEPTOR_COMPLEXES"""",""""database_source"""":""""Other""""}}"",""{""""id"""":1184451100044954681,""""type"""":""""HAS_ACTIVITY_IN"""",""""start"""":3129,""""end"""":45,""""properties"""":{""""score"""":0.0}}"",""{""""id"""":45,""""labels"""":[""""CellType""""],""""properties"""":{""""ontology_id"""":""""CL:0000057"""",""""name"""":""""fibroblast""""}}""
""{""""id"""":3129,""""labels"""":[""""Pathway""""],""""properties"""":{""""name"""":""""SA_B_CELL_RECEPTOR_COMPLEXES"""",""""database_source"""":""""Other""""}}"",""{""""id"""":1188954699672325177,""""type"""":""""HAS_ACTIVITY_IN"""",""""start"""":3129,""""end"""":47,""""properties"""":{""""score"""":0.0}}"",""{""""id"""":47,""""labels"""":[""""CellType""""],""""properties"""":{""""ontology_id"""":""""CL:0000059"""",""""name"""":""""ameloblast""""}}""
""{""""id"""":3129,""""labels"""":[""""Pathway""""],""""properties"""":{""""name"""":""""SA_B_CELL_RECEPTOR_COMPLEXES"""",""""database_source"""":""""Other""""}}"",""{""""id"""":1173192100976528441,""""type"""":""""HAS_ACTIVITY_IN"""",""""start"""":3129,""""end"""":53,""""properties"""":{""""score"""":0.0}}"",""{""""id"""":53,""""labels"""":[""""CellType""""],""""properties"""":{""""ontology_id"""":""""CL:0000066"""",""""name"""":""""epithelial cell""""}}""
""{""""id"""":3129,""""labels"""":[""""Pathway""""],""""properties"""":{""""name"""":""""SA_B_CELL_RECEPTOR_COMPLEXES"""",""""database_source"""":""""Other""""}}"",""{""""id"""":1200213698740751417,""""type"""":""""HAS_ACTIVITY_IN"""",""""start"""":3129,""""end"""":61,""""properties"""":{""""score"""":0.0}}"",""{""""id"""":61,""""labels"""":[""""CellType""""],""""properties"""":{""""ontology_id"""":""""CL:0000077"""",""""name"""":""""mesothelial cell""""}}""
""{""""id"""":3129,""""labels"""":[""""Pathway""""],""""properties"""":{""""name"""":""""SA_B_CELL_RECEPTOR_COMPLEXES"""",""""database_source"""":""""Other""""}}"",""{""""id"""":1215976297436548153,""""type"""":""""HAS_ACTIVITY_IN"""",""""start"""":3129,""""end"""":68,""""properties"""":{""""score"""":0.0}}"",""{""""id"""":68,""""labels"""":[""""CellType""""],""""properties"""":{""""ontology_id"""":""""CL:0000084"""",""""name"""":""""T cell""""}}""
""{""""id"""":3129,""""labels"""":[""""Pathway""""],""""properties"""":{""""name"""":""""SA_B_CELL_RECEPTOR_COMPLEXES"""",""""database_source"""":""""Other""""}}"",""{""""id"""":1197961898927066169,""""type"""":""""HAS_ACTIVITY_IN"""",""""start"""":3129,""""end"""":74,""""properties"""":{""""score"""":0.0}}"",""{""""id"""":74,""""labels"""":[""""CellType""""],""""properties"""":{""""ontology_id"""":""""CL:0000097"""",""""name"""":""""mast cell""""}}""
""{""""id"""":3129,""""labels"""":[""""Pathway""""],""""properties"""":{""""name"""":""""SA_B_CELL_RECEPTOR_COMPLEXES"""",""""database_source"""":""""Other""""}}"",""{""""id"""":6917533425687593047,""""type"""":""""HAS_ACTIVITY_IN"""",""""start"""":3129,""""end"""":87,""""properties"""":{""""score"""":0.0}}"",""{""""id"""":87,""""labels"""":[""""CellType""""],""""properties"""":{""""ontology_id"""":""""CL:0000110"""",""""name"""":""""peptidergic neuron""""}}""
""{""""id"""":3129,""""labels"""":[""""Pathway""""],""""properties"""":{""""name"""":""""SA_B_CELL_RECEPTOR_COMPLEXES"""",""""database_source"""":""""Other""""}}"",""{""""id"""":1168688501349157945,""""type"""":""""HAS_ACTIVITY_IN"""",""""start"""":3129,""""end"""":91,""""properties"""":{""""score"""":0.0}}"",""{""""id"""":91,""""labels"""":[""""CellType""""],""""properties"""":{""""ontology_id"""":""""CL:0000115"""",""""name"""":""""endothelial cell""""}}""
""{""""id"""":3129,""""labels"""":[""""Pathway""""],""""properties"""":{""""name"""":""""SA_B_CELL_RECEPTOR_COMPLEXES"""",""""database_source"""":""""Other""""}}"",""{""""id"""":1155177702467046457,""""type"""":""""HAS_ACTIVITY_IN"""",""""start"""":3129,""""end"""":102,""""properties"""":{""""score"""":0.0}}"",""{""""id"""":102,""""labels"""":[""""CellType""""],""""properties"""":{""""ontology_id"""":""""CL:0000127"""",""""name"""":""""astrocyte""""}}""
""{""""id"""":3129,""""labels"""":[""""Pathway""""],""""properties"""":{""""name"""":""""SA_B_CELL_RECEPTOR_COMPLEXES"""",""""database_source"""":""""Other""""}}"",""{""""id"""":1209220897995492409,""""type"""":""""HAS_ACTIVITY_IN"""",""""start"""":3129,""""end"""":103,""""properties"""":{""""score"""":0.0}}"",""{""""id"""":103,""""labels"""":[""""CellType""""],""""properties"""":{""""ontology_id"""":""""CL:0000128"""",""""name"""":""""oligodendrocyte""""}}""
""{""""id"""":3129,""""labels"""":[""""Pathway""""],""""properties"""":{""""name"""":""""SA_B_CELL_RECEPTOR_COMPLEXES"""",""""database_source"""":""""Other""""}}"",""{""""id"""":1231738896132344889,""""type"""":""""HAS_ACTIVITY_IN"""",""""start"""":3129,""""end"""":113,""""properties"""":{""""score"""":0.0}}"",""{""""id"""":113,""""labels"""":[""""CellType""""],""""properties"""":{""""ontology_id"""":""""CL:0000138"""",""""name"""":""""chondrocyte""""}}""
""{""""id"""":3129,""""labels"""":[""""Pathway""""],""""properties"""":{""""name"""":""""SA_B_CELL_RECEPTOR_COMPLEXES"""",""""database_source"""":""""Other""""}}"",""{""""id"""":1152925902653361209,""""type"""":""""HAS_ACTIVITY_IN"""",""""start"""":3129,""""end"""":118,""""properties"""":{""""score"""":0.0}}"",""{""""id"""":118,""""labels"""":[""""CellType""""],""""properties"""":{""""ontology_id"""":""""CL:0000145"""",""""name"""":""""professional antigen presenting cell""""}}""
""{""""id"""":3129,""""labels"""":[""""Pathway""""],""""properties"""":{""""name"""":""""SA_B_CELL_RECEPTOR_COMPLEXES"""",""""database_source"""":""""Other""""}}"",""{""""id"""":1224983496691289145,""""type"""":""""HAS_ACTIVITY_IN"""",""""start"""":3129,""""end"""":130,""""properties"""":{""""score"""":0.0}}"",""{""""id"""":130,""""labels"""":[""""CellType""""],""""properties"""":{""""ontology_id"""":""""CL:0000158"""",""""name"""":""""club cell""""}}""
""{""""id"""":3129,""""labels"""":[""""Pathway""""],""""properties"""":{""""name"""":""""SA_B_CELL_RECEPTOR_COMPLEXES"""",""""database_source"""":""""Other""""}}"",""{""""id"""":1220479897063918649,""""type"""":""""HAS_ACTIVITY_IN"""",""""start"""":3129,""""end"""":134,""""properties"""":{""""score"""":0.0}}"",""{""""id"""":134,""""labels"""":[""""CellType""""],""""properties"""":{""""ontology_id"""":""""CL:0000163"""",""""name"""":""""endocrine cell""""}}""
""{""""id"""":3129,""""labels"""":[""""Pathway""""],""""properties"""":{""""name"""":""""SA_B_CELL_RECEPTOR_COMPLEXES"""",""""database_source"""":""""Other""""}}"",""{""""id"""":1227235296504974393,""""type"""":""""HAS_ACTIVITY_IN"""",""""start"""":3129,""""end"""":152,""""properties"""":{""""score"""":0.0}}"",""{""""id"""":152,""""labels"""":[""""CellType""""],""""properties"""":{""""ontology_id"""":""""CL:0000182"""",""""name"""":""""hepatocyte""""}}""
""{""""id"""":3129,""""labels"""":[""""Pathway""""],""""properties"""":{""""name"""":""""SA_B_CELL_RECEPTOR_COMPLEXES"""",""""database_source"""":""""Other""""}}"",""{""""id"""":1222731696877603897,""""type"""":""""HAS_ACTIVITY_IN"""",""""start"""":3129,""""end"""":157,""""properties"""":{""""score"""":0.0}}"",""{""""id"""":157,""""labels"""":[""""CellType""""],""""properties"""":{""""ontology_id"""":""""CL:0000188"""",""""name"""":""""cell of skeletal muscle""""}}""
""{""""id"""":3129,""""labels"""":[""""Pathway""""],""""properties"""":{""""name"""":""""SA_B_CELL_RECEPTOR_COMPLEXES"""",""""database_source"""":""""Other""""}}"",""{""""id"""":1191206499486010425,""""type"""":""""HAS_ACTIVITY_IN"""",""""start"""":3129,""""end"""":160,""""properties"""":{""""score"""":0.0}}"",""{""""id"""":160,""""labels"""":[""""CellType""""],""""properties"""":{""""ontology_id"""":""""CL:0000192"""",""""name"""":""""smooth muscle cell""""}}""
""{""""id"""":3129,""""labels"""":[""""Pathway""""],""""properties"""":{""""name"""":""""SA_B_CELL_RECEPTOR_COMPLEXES"""",""""database_source"""":""""Other""""}}"",""{""""id"""":1195710099113380921,""""type"""":""""HAS_ACTIVITY_IN"""",""""start"""":3129,""""end"""":191,""""properties"""":{""""score"""":0.0}}"",""{""""id"""":191,""""labels"""":[""""CellType""""],""""properties"""":{""""ontology_id"""":""""CL:0000235"""",""""name"""":""""macrophage""""}}""
""{""""id"""":3129,""""labels"""":[""""Pathway""""],""""properties"""":{""""name"""":""""SA_B_CELL_RECEPTOR_COMPLEXES"""",""""database_source"""":""""Other""""}}"",""{""""id"""":1157429502280731705,""""type"""":""""HAS_ACTIVITY_IN"""",""""start"""":3129,""""end"""":192,""""properties"""":{""""score"""":0.0}}"",""{""""id"""":192,""""labels"""":[""""CellType""""],""""properties"""":{""""ontology_id"""":""""CL:0000236"""",""""name"""":""""B cell""""}}""
""{""""id"""":3129,""""labels"""":[""""Pathway""""],""""properties"""":{""""name"""":""""SA_B_CELL_RECEPTOR_COMPLEXES"""",""""database_source"""":""""Other""""}}"",""{""""id"""":1166436701535472697,""""type"""":""""HAS_ACTIVITY_IN"""",""""start"""":3129,""""end"""":328,""""properties"""":{""""score"""":0.0}}"",""{""""id"""":328,""""labels"""":[""""CellType""""],""""properties"""":{""""ontology_id"""":""""CL:0000451"""",""""name"""":""""dendritic cell""""}}""
""{""""id"""":3129,""""labels"""":[""""Pathway""""],""""properties"""":{""""name"""":""""SA_B_CELL_RECEPTOR_COMPLEXES"""",""""database_source"""":""""Other""""}}"",""{""""id"""":1179947500417584185,""""type"""":""""HAS_ACTIVITY_IN"""",""""start"""":3129,""""end"""":402,""""properties"""":{""""score"""":0.0}}"",""{""""id"""":402,""""labels"""":[""""CellType""""],""""properties"""":{""""ontology_id"""":""""CL:0000540"""",""""name"""":""""neuron""""}}""
""{""""id"""":3129,""""labels"""":[""""Pathway""""],""""properties"""":{""""name"""":""""SA_B_CELL_RECEPTOR_COMPLEXES"""",""""database_source"""":""""Other""""}}"",""{""""id"""":1202465498554436665,""""type"""":""""HAS_ACTIVITY_IN"""",""""start"""":3129,""""end"""":434,""""properties"""":{""""score"""":0.0}}"",""{""""id"""":434,""""labels"""":[""""CellType""""],""""properties"""":{""""ontology_id"""":""""CL:0000576"""",""""name"""":""""monocyte""""}}""
""{""""id"""":3129,""""labels"""":[""""Pathway""""],""""properties"""":{""""name"""":""""SA_B_CELL_RECEPTOR_COMPLEXES"""",""""database_source"""":""""Other""""}}"",""{""""id"""":1218228097250233401,""""type"""":""""HAS_ACTIVITY_IN"""",""""start"""":3129,""""end"""":442,""""properties"""":{""""score"""":0.0}}"",""{""""id"""":442,""""labels"""":[""""CellType""""],""""properties"""":{""""ontology_id"""":""""CL:0000584"""",""""name"""":""""enterocyte""""}}""
""{""""id"""":3129,""""labels"""":[""""Pathway""""],""""properties"""":{""""name"""":""""SA_B_CELL_RECEPTOR_COMPLEXES"""",""""database_source"""":""""Other""""}}"",""{""""id"""":6917533425687593436,""""type"""":""""HAS_ACTIVITY_IN"""",""""start"""":3129,""""end"""":476,""""properties"""":{""""score"""":0.0}}"",""{""""id"""":476,""""labels"""":[""""CellType""""],""""properties"""":{""""ontology_id"""":""""CL:0000622"""",""""name"""":""""acinar cell""""}}""
""{""""id"""":3129,""""labels"""":[""""Pathway""""],""""properties"""":{""""name"""":""""SA_B_CELL_RECEPTOR_COMPLEXES"""",""""database_source"""":""""Other""""}}"",""{""""id"""":1161933101908102201,""""type"""":""""HAS_ACTIVITY_IN"""",""""start"""":3129,""""end"""":477,""""properties"""":{""""score"""":0.0}}"",""{""""id"""":477,""""labels"""":[""""CellType""""],""""properties"""":{""""ontology_id"""":""""CL:0000623"""",""""name"""":""""natural killer cell""""}}""
""{""""id"""":3129,""""labels"""":[""""Pathway""""],""""properties"""":{""""name"""":""""SA_B_CELL_RECEPTOR_COMPLEXES"""",""""database_source"""":""""Other""""}}"",""{""""id"""":6917533425687593483,""""type"""":""""HAS_ACTIVITY_IN"""",""""start"""":3129,""""end"""":523,""""properties"""":{""""score"""":0.0}}"",""{""""id"""":523,""""labels"""":[""""CellType""""],""""properties"""":{""""ontology_id"""":""""CL:0000678"""",""""name"""":""""commissural neuron""""}}""
""{""""id"""":3129,""""labels"""":[""""Pathway""""],""""properties"""":{""""name"""":""""SA_B_CELL_RECEPTOR_COMPLEXES"""",""""database_source"""":""""Other""""}}"",""{""""id"""":6917533425687593541,""""type"""":""""HAS_ACTIVITY_IN"""",""""start"""":3129,""""end"""":581,""""properties"""":{""""score"""":0.0}}"",""{""""id"""":581,""""labels"""":[""""CellType""""],""""properties"""":{""""ontology_id"""":""""CL:0000746"""",""""name"""":""""cardiac muscle cell""""}}""
""{""""id"""":3129,""""labels"""":[""""Pathway""""],""""properties"""":{""""name"""":""""SA_B_CELL_RECEPTOR_COMPLEXES"""",""""database_source"""":""""Other""""}}"",""{""""id"""":1204717298368121913,""""type"""":""""HAS_ACTIVITY_IN"""",""""start"""":3129,""""end"""":598,""""properties"""":{""""score"""":0.0}}"",""{""""id"""":598,""""labels"""":[""""CellType""""],""""properties"""":{""""ontology_id"""":""""CL:0000763"""",""""name"""":""""myeloid cell""""}}""
""{""""id"""":3129,""""labels"""":[""""Pathway""""],""""properties"""":{""""name"""":""""SA_B_CELL_RECEPTOR_COMPLEXES"""",""""database_source"""":""""Other""""}}"",""{""""id"""":1175443900790213689,""""type"""":""""HAS_ACTIVITY_IN"""",""""start"""":3129,""""end"""":600,""""properties"""":{""""score"""":0.0}}"",""{""""id"""":600,""""labels"""":[""""CellType""""],""""properties"""":{""""ontology_id"""":""""CL:0000765"""",""""name"""":""""erythroblast""""}}""
""{""""id"""":3129,""""labels"""":[""""Pathway""""],""""properties"""":{""""name"""":""""SA_B_CELL_RECEPTOR_COMPLEXES"""",""""database_source"""":""""Other""""}}"",""{""""id"""":1206969098181807161,""""type"""":""""HAS_ACTIVITY_IN"""",""""start"""":3129,""""end"""":610,""""properties"""":{""""score"""":0.0}}"",""{""""id"""":610,""""labels"""":[""""CellType""""],""""properties"""":{""""ontology_id"""":""""CL:0000775"""",""""name"""":""""neutrophil""""}}""
""{""""id"""":3129,""""labels"""":[""""Pathway""""],""""properties"""":{""""name"""":""""SA_B_CELL_RECEPTOR_COMPLEXES"""",""""database_source"""":""""Other""""}}"",""{""""id"""":1159681302094416953,""""type"""":""""HAS_ACTIVITY_IN"""",""""start"""":3129,""""end"""":621,""""properties"""":{""""score"""":0.0}}"",""{""""id"""":621,""""labels"""":[""""CellType""""],""""properties"""":{""""ontology_id"""":""""CL:0000786"""",""""name"""":""""plasma cell""""}}""
""{""""id"""":3129,""""labels"""":[""""Pathway""""],""""properties"""":{""""name"""":""""SA_B_CELL_RECEPTOR_COMPLEXES"""",""""database_source"""":""""Other""""}}"",""{""""id"""":6917533425687593594,""""type"""":""""HAS_ACTIVITY_IN"""",""""start"""":3129,""""end"""":634,""""properties"""":{""""score"""":0.0}}"",""{""""id"""":634,""""labels"""":[""""CellType""""],""""properties"""":{""""ontology_id"""":""""CL:0000799"""",""""name"""":""""immature gamma-delta T cell""""}}""
""{""""id"""":3129,""""labels"""":[""""Pathway""""],""""properties"""":{""""name"""":""""SA_B_CELL_RECEPTOR_COMPLEXES"""",""""database_source"""":""""Other""""}}"",""{""""id"""":1193458299299695673,""""type"""":""""HAS_ACTIVITY_IN"""",""""start"""":3129,""""end"""":695,""""properties"""":{""""score"""":0.0}}"",""{""""id"""":695,""""labels"""":[""""CellType""""],""""properties"""":{""""ontology_id"""":""""CL:0000863"""",""""name"""":""""inflammatory macrophage""""}}""
""{""""id"""":3129,""""labels"""":[""""Pathway""""],""""properties"""":{""""name"""":""""SA_B_CELL_RECEPTOR_COMPLEXES"""",""""database_source"""":""""Other""""}}"",""{""""id"""":6917533425687593942,""""type"""":""""HAS_ACTIVITY_IN"""",""""start"""":3129,""""end"""":982,""""properties"""":{""""score"""":0.0}}"",""{""""id"""":982,""""labels"""":[""""CellType""""],""""properties"""":{""""ontology_id"""":""""CL:0002063"""",""""name"""":""""pulmonary alveolar type 2 cell""""}}""
""{""""id"""":3129,""""labels"""":[""""Pathway""""],""""properties"""":{""""name"""":""""SA_B_CELL_RECEPTOR_COMPLEXES"""",""""database_source"""":""""Other""""}}"",""{""""id"""":1177695700603898937,""""type"""":""""HAS_ACTIVITY_IN"""",""""start"""":3129,""""end"""":1018,""""properties"""":{""""score"""":0.0}}"",""{""""id"""":1018,""""labels"""":[""""CellType""""],""""properties"""":{""""ontology_id"""":""""CL:0002100"""",""""name"""":""""regular interventricular cardiac myocyte""""}}""
""{""""id"""":3129,""""labels"""":[""""Pathway""""],""""properties"""":{""""name"""":""""SA_B_CELL_RECEPTOR_COMPLEXES"""",""""database_source"""":""""Other""""}}"",""{""""id"""":1213724497622862905,""""type"""":""""HAS_ACTIVITY_IN"""",""""start"""":3129,""""end"""":1064,""""properties"""":{""""score"""":0.0}}"",""{""""id"""":1064,""""labels"""":[""""CellType""""],""""properties"""":{""""ontology_id"""":""""CL:0002146"""",""""name"""":""""clear cell of eccrine sweat gland""""}}""
""{""""id"""":3129,""""labels"""":[""""Pathway""""],""""properties"""":{""""name"""":""""SA_B_CELL_RECEPTOR_COMPLEXES"""",""""database_source"""":""""Other""""}}"",""{""""id"""":6917533425687594029,""""type"""":""""HAS_ACTIVITY_IN"""",""""start"""":3129,""""end"""":1069,""""properties"""":{""""score"""":0.0}}"",""{""""id"""":1069,""""labels"""":[""""CellType""""],""""properties"""":{""""ontology_id"""":""""CL:0002151"""",""""name"""":""""late promyelocyte""""}}""
""{""""id"""":3129,""""labels"""":[""""Pathway""""],""""properties"""":{""""name"""":""""SA_B_CELL_RECEPTOR_COMPLEXES"""",""""database_source"""":""""Other""""}}"",""{""""id"""":1182199300231269433,""""type"""":""""HAS_ACTIVITY_IN"""",""""start"""":3129,""""end"""":1138,""""properties"""":{""""score"""":0.0}}"",""{""""id"""":1138,""""labels"""":[""""CellType""""],""""properties"""":{""""ontology_id"""":""""CL:0002224"""",""""name"""":""""lens epithelial cell""""}}""
""{""""id"""":3129,""""labels"""":[""""Pathway""""],""""properties"""":{""""name"""":""""SA_B_CELL_RECEPTOR_COMPLEXES"""",""""database_source"""":""""Other""""}}"",""{""""id"""":1186702899858639929,""""type"""":""""HAS_ACTIVITY_IN"""",""""start"""":3129,""""end"""":1230,""""properties"""":{""""score"""":0.0}}"",""{""""id"""":1230,""""labels"""":[""""CellType""""],""""properties"""":{""""ontology_id"""":""""CL:0002319"""",""""name"""":""""neural cell""""}}""
""{""""id"""":3129,""""labels"""":[""""Pathway""""],""""properties"""":{""""name"""":""""SA_B_CELL_RECEPTOR_COMPLEXES"""",""""database_source"""":""""Other""""}}"",""{""""id"""":1229487096318659641,""""type"""":""""HAS_ACTIVITY_IN"""",""""start"""":3129,""""end"""":1233,""""properties"""":{""""score"""":0.0}}"",""{""""id"""":1233,""""labels"""":[""""CellType""""],""""properties"""":{""""ontology_id"""":""""CL:0002322"""",""""name"""":""""embryonic stem cell""""}}""
""{""""id"""":3129,""""labels"""":[""""Pathway""""],""""properties"""":{""""name"""":""""SA_B_CELL_RECEPTOR_COMPLEXES"""",""""database_source"""":""""Other""""}}"",""{""""id"""":1170940301162843193,""""type"""":""""HAS_ACTIVITY_IN"""",""""start"""":3129,""""end"""":1787,""""properties"""":{""""score"""":0.0}}"",""{""""id"""":1787,""""labels"""":[""""CellType""""],""""properties"""":{""""ontology_id"""":""""CL:0009004"""",""""name"""":""""retinal cell""""}}""
""{""""id"""":3153,""""labels"""":[""""Pathway""""],""""properties"""":{""""name"""":""""SA_CASPASE_CASCADE"""",""""database_source"""":""""Other""""}}"",""{""""id"""":1164184901721787473,""""type"""":""""HAS_ACTIVITY_IN"""",""""start"""":3153,""""end"""":31,""""properties"""":{""""score"""":0.0}}"",""{""""id"""":31,""""labels"""":[""""CellType""""],""""properties"""":{""""ontology_id"""":""""CL:0000037"""",""""name"""":""""hematopoietic stem cell""""}}""
""{""""id"""":3153,""""labels"""":[""""Pathway""""],""""properties"""":{""""name"""":""""SA_CASPASE_CASCADE"""",""""database_source"""":""""Other""""}}"",""{""""id"""":1211472697809177681,""""type"""":""""HAS_ACTIVITY_IN"""",""""start"""":3153,""""end"""":37,""""properties"""":{""""score"""":0.0}}"",""{""""id"""":37,""""labels"""":[""""CellType""""],""""properties"""":{""""ontology_id"""":""""CL:0000043"""",""""name"""":""""mature basophil""""}}""
""{""""id"""":3153,""""labels"""":[""""Pathway""""],""""properties"""":{""""name"""":""""SA_CASPASE_CASCADE"""",""""database_source"""":""""Other""""}}"",""{""""id"""":1184451100044954705,""""type"""":""""HAS_ACTIVITY_IN"""",""""start"""":3153,""""end"""":45,""""properties"""":{""""score"""":0.0}}"",""{""""id"""":45,""""labels"""":[""""CellType""""],""""properties"""":{""""ontology_id"""":""""CL:0000057"""",""""name"""":""""fibroblast""""}}""
""{""""id"""":3153,""""labels"""":[""""Pathway""""],""""properties"""":{""""name"""":""""SA_CASPASE_CASCADE"""",""""database_source"""":""""Other""""}}"",""{""""id"""":1188954699672325201,""""type"""":""""HAS_ACTIVITY_IN"""",""""start"""":3153,""""end"""":47,""""properties"""":{""""score"""":0.0}}"",""{""""id"""":47,""""labels"""":[""""CellType""""],""""properties"""":{""""ontology_id"""":""""CL:0000059"""",""""name"""":""""ameloblast""""}}""
""{""""id"""":3153,""""labels"""":[""""Pathway""""],""""properties"""":{""""name"""":""""SA_CASPASE_CASCADE"""",""""database_source"""":""""Other""""}}"",""{""""id"""":1173192100976528465,""""type"""":""""HAS_ACTIVITY_IN"""",""""start"""":3153,""""end"""":53,""""properties"""":{""""score"""":0.0}}"",""{""""id"""":53,""""labels"""":[""""CellType""""],""""properties"""":{""""ontology_id"""":""""CL:0000066"""",""""name"""":""""epithelial cell""""}}""
""{""""id"""":3153,""""labels"""":[""""Pathway""""],""""properties"""":{""""name"""":""""SA_CASPASE_CASCADE"""",""""database_source"""":""""Other""""}}"",""{""""id"""":1200213698740751441,""""type"""":""""HAS_ACTIVITY_IN"""",""""start"""":3153,""""end"""":61,""""properties"""":{""""score"""":0.0}}"",""{""""id"""":61,""""labels"""":[""""CellType""""],""""properties"""":{""""ontology_id"""":""""CL:0000077"""",""""name"""":""""mesothelial cell""""}}""
""{""""id"""":3153,""""labels"""":[""""Pathway""""],""""properties"""":{""""name"""":""""SA_CASPASE_CASCADE"""",""""database_source"""":""""Other""""}}"",""{""""id"""":1215976297436548177,""""type"""":""""HAS_ACTIVITY_IN"""",""""start"""":3153,""""end"""":68,""""properties"""":{""""score"""":0.0}}"",""{""""id"""":68,""""labels"""":[""""CellType""""],""""properties"""":{""""ontology_id"""":""""CL:0000084"""",""""name"""":""""T cell""""}}""
""{""""id"""":3153,""""labels"""":[""""Pathway""""],""""properties"""":{""""name"""":""""SA_CASPASE_CASCADE"""",""""database_source"""":""""Other""""}}"",""{""""id"""":1197961898927066193,""""type"""":""""HAS_ACTIVITY_IN"""",""""start"""":3153,""""end"""":74,""""properties"""":{""""score"""":0.0}}"",""{""""id"""":74,""""labels"""":[""""CellType""""],""""properties"""":{""""ontology_id"""":""""CL:0000097"""",""""name"""":""""mast cell""""}}""
""{""""id"""":3153,""""labels"""":[""""Pathway""""],""""properties"""":{""""name"""":""""SA_CASPASE_CASCADE"""",""""database_source"""":""""Other""""}}"",""{""""id"""":6919785225501278295,""""type"""":""""HAS_ACTIVITY_IN"""",""""start"""":3153,""""end"""":87,""""properties"""":{""""score"""":0.0}}"",""{""""id"""":87,""""labels"""":[""""CellType""""],""""properties"""":{""""ontology_id"""":""""CL:0000110"""",""""name"""":""""peptidergic neuron""""}}""
""{""""id"""":3153,""""labels"""":[""""Pathway""""],""""properties"""":{""""name"""":""""SA_CASPASE_CASCADE"""",""""database_source"""":""""Other""""}}"",""{""""id"""":1168688501349157969,""""type"""":""""HAS_ACTIVITY_IN"""",""""start"""":3153,""""end"""":91,""""properties"""":{""""score"""":0.0}}"",""{""""id"""":91,""""labels"""":[""""CellType""""],""""properties"""":{""""ontology_id"""":""""CL:0000115"""",""""name"""":""""endothelial cell""""}}""
""{""""id"""":3153,""""labels"""":[""""Pathway""""],""""properties"""":{""""name"""":""""SA_CASPASE_CASCADE"""",""""database_source"""":""""Other""""}}"",""{""""id"""":1155177702467046481,""""type"""":""""HAS_ACTIVITY_IN"""",""""start"""":3153,""""end"""":102,""""properties"""":{""""score"""":0.0}}"",""{""""id"""":102,""""labels"""":[""""CellType""""],""""properties"""":{""""ontology_id"""":""""CL:0000127"""",""""name"""":""""astrocyte""""}}""
""{""""id"""":3153,""""labels"""":[""""Pathway""""],""""properties"""":{""""name"""":""""SA_CASPASE_CASCADE"""",""""database_source"""":""""Other""""}}"",""{""""id"""":1209220897995492433,""""type"""":""""HAS_ACTIVITY_IN"""",""""start"""":3153,""""end"""":103,""""properties"""":{""""score"""":0.0}}"",""{""""id"""":103,""""labels"""":[""""CellType""""],""""properties"""":{""""ontology_id"""":""""CL:0000128"""",""""name"""":""""oligodendrocyte""""}}""
""{""""id"""":3153,""""labels"""":[""""Pathway""""],""""properties"""":{""""name"""":""""SA_CASPASE_CASCADE"""",""""database_source"""":""""Other""""}}"",""{""""id"""":1231738896132344913,""""type"""":""""HAS_ACTIVITY_IN"""",""""start"""":3153,""""end"""":113,""""properties"""":{""""score"""":0.0}}"",""{""""id"""":113,""""labels"""":[""""CellType""""],""""properties"""":{""""ontology_id"""":""""CL:0000138"""",""""name"""":""""chondrocyte""""}}""
""{""""id"""":3153,""""labels"""":[""""Pathway""""],""""properties"""":{""""name"""":""""SA_CASPASE_CASCADE"""",""""database_source"""":""""Other""""}}"",""{""""id"""":1152925902653361233,""""type"""":""""HAS_ACTIVITY_IN"""",""""start"""":3153,""""end"""":118,""""properties"""":{""""score"""":0.0}}"",""{""""id"""":118,""""labels"""":[""""CellType""""],""""properties"""":{""""ontology_id"""":""""CL:0000145"""",""""name"""":""""professional antigen presenting cell""""}}""
""{""""id"""":3153,""""labels"""":[""""Pathway""""],""""properties"""":{""""name"""":""""SA_CASPASE_CASCADE"""",""""database_source"""":""""Other""""}}"",""{""""id"""":1224983496691289169,""""type"""":""""HAS_ACTIVITY_IN"""",""""start"""":3153,""""end"""":130,""""properties"""":{""""score"""":0.0}}"",""{""""id"""":130,""""labels"""":[""""CellType""""],""""properties"""":{""""ontology_id"""":""""CL:0000158"""",""""name"""":""""club cell""""}}""
""{""""id"""":3153,""""labels"""":[""""Pathway""""],""""properties"""":{""""name"""":""""SA_CASPASE_CASCADE"""",""""database_source"""":""""Other""""}}"",""{""""id"""":1220479897063918673,""""type"""":""""HAS_ACTIVITY_IN"""",""""start"""":3153,""""end"""":134,""""properties"""":{""""score"""":0.0}}"",""{""""id"""":134,""""labels"""":[""""CellType""""],""""properties"""":{""""ontology_id"""":""""CL:0000163"""",""""name"""":""""endocrine cell""""}}""
""{""""id"""":3153,""""labels"""":[""""Pathway""""],""""properties"""":{""""name"""":""""SA_CASPASE_CASCADE"""",""""database_source"""":""""Other""""}}"",""{""""id"""":1227235296504974417,""""type"""":""""HAS_ACTIVITY_IN"""",""""start"""":3153,""""end"""":152,""""properties"""":{""""score"""":0.0}}"",""{""""id"""":152,""""labels"""":[""""CellType""""],""""properties"""":{""""ontology_id"""":""""CL:0000182"""",""""name"""":""""hepatocyte""""}}""
""{""""id"""":3153,""""labels"""":[""""Pathway""""],""""properties"""":{""""name"""":""""SA_CASPASE_CASCADE"""",""""database_source"""":""""Other""""}}"",""{""""id"""":1222731696877603921,""""type"""":""""HAS_ACTIVITY_IN"""",""""start"""":3153,""""end"""":157,""""properties"""":{""""score"""":0.0}}"",""{""""id"""":157,""""labels"""":[""""CellType""""],""""properties"""":{""""ontology_id"""":""""CL:0000188"""",""""name"""":""""cell of skeletal muscle""""}}""
""{""""id"""":3153,""""labels"""":[""""Pathway""""],""""properties"""":{""""name"""":""""SA_CASPASE_CASCADE"""",""""database_source"""":""""Other""""}}"",""{""""id"""":1191206499486010449,""""type"""":""""HAS_ACTIVITY_IN"""",""""start"""":3153,""""end"""":160,""""properties"""":{""""score"""":0.0}}"",""{""""id"""":160,""""labels"""":[""""CellType""""],""""properties"""":{""""ontology_id"""":""""CL:0000192"""",""""name"""":""""smooth muscle cell""""}}""
""{""""id"""":3153,""""labels"""":[""""Pathway""""],""""properties"""":{""""name"""":""""SA_CASPASE_CASCADE"""",""""database_source"""":""""Other""""}}"",""{""""id"""":1195710099113380945,""""type"""":""""HAS_ACTIVITY_IN"""",""""start"""":3153,""""end"""":191,""""properties"""":{""""score"""":0.0}}"",""{""""id"""":191,""""labels"""":[""""CellType""""],""""properties"""":{""""ontology_id"""":""""CL:0000235"""",""""name"""":""""macrophage""""}}""
""{""""id"""":3153,""""labels"""":[""""Pathway""""],""""properties"""":{""""name"""":""""SA_CASPASE_CASCADE"""",""""database_source"""":""""Other""""}}"",""{""""id"""":1157429502280731729,""""type"""":""""HAS_ACTIVITY_IN"""",""""start"""":3153,""""end"""":192,""""properties"""":{""""score"""":0.0}}"",""{""""id"""":192,""""labels"""":[""""CellType""""],""""properties"""":{""""ontology_id"""":""""CL:0000236"""",""""name"""":""""B cell""""}}""
""{""""id"""":3153,""""labels"""":[""""Pathway""""],""""properties"""":{""""name"""":""""SA_CASPASE_CASCADE"""",""""database_source"""":""""Other""""}}"",""{""""id"""":1166436701535472721,""""type"""":""""HAS_ACTIVITY_IN"""",""""start"""":3153,""""end"""":328,""""properties"""":{""""score"""":0.0}}"",""{""""id"""":328,""""labels"""":[""""CellType""""],""""properties"""":{""""ontology_id"""":""""CL:0000451"""",""""name"""":""""dendritic cell""""}}""
""{""""id"""":3153,""""labels"""":[""""Pathway""""],""""properties"""":{""""name"""":""""SA_CASPASE_CASCADE"""",""""database_source"""":""""Other""""}}"",""{""""id"""":1179947500417584209,""""type"""":""""HAS_ACTIVITY_IN"""",""""start"""":3153,""""end"""":402,""""properties"""":{""""score"""":0.0}}"",""{""""id"""":402,""""labels"""":[""""CellType""""],""""properties"""":{""""ontology_id"""":""""CL:0000540"""",""""name"""":""""neuron""""}}""
""{""""id"""":3153,""""labels"""":[""""Pathway""""],""""properties"""":{""""name"""":""""SA_CASPASE_CASCADE"""",""""database_source"""":""""Other""""}}"",""{""""id"""":1202465498554436689,""""type"""":""""HAS_ACTIVITY_IN"""",""""start"""":3153,""""end"""":434,""""properties"""":{""""score"""":0.0}}"",""{""""id"""":434,""""labels"""":[""""CellType""""],""""properties"""":{""""ontology_id"""":""""CL:0000576"""",""""name"""":""""monocyte""""}}""
""{""""id"""":3153,""""labels"""":[""""Pathway""""],""""properties"""":{""""name"""":""""SA_CASPASE_CASCADE"""",""""database_source"""":""""Other""""}}"",""{""""id"""":1218228097250233425,""""type"""":""""HAS_ACTIVITY_IN"""",""""start"""":3153,""""end"""":442,""""properties"""":{""""score"""":0.0}}"",""{""""id"""":442,""""labels"""":[""""CellType""""],""""properties"""":{""""ontology_id"""":""""CL:0000584"""",""""name"""":""""enterocyte""""}}""
""{""""id"""":3153,""""labels"""":[""""Pathway""""],""""properties"""":{""""name"""":""""SA_CASPASE_CASCADE"""",""""database_source"""":""""Other""""}}"",""{""""id"""":6919785225501278684,""""type"""":""""HAS_ACTIVITY_IN"""",""""start"""":3153,""""end"""":476,""""properties"""":{""""score"""":0.0}}"",""{""""id"""":476,""""labels"""":[""""CellType""""],""""properties"""":{""""ontology_id"""":""""CL:0000622"""",""""name"""":""""acinar cell""""}}""
""{""""id"""":3153,""""labels"""":[""""Pathway""""],""""properties"""":{""""name"""":""""SA_CASPASE_CASCADE"""",""""database_source"""":""""Other""""}}"",""{""""id"""":1161933101908102225,""""type"""":""""HAS_ACTIVITY_IN"""",""""start"""":3153,""""end"""":477,""""properties"""":{""""score"""":0.0}}"",""{""""id"""":477,""""labels"""":[""""CellType""""],""""properties"""":{""""ontology_id"""":""""CL:0000623"""",""""name"""":""""natural killer cell""""}}""
""{""""id"""":3153,""""labels"""":[""""Pathway""""],""""properties"""":{""""name"""":""""SA_CASPASE_CASCADE"""",""""database_source"""":""""Other""""}}"",""{""""id"""":6919785225501278731,""""type"""":""""HAS_ACTIVITY_IN"""",""""start"""":3153,""""end"""":523,""""properties"""":{""""score"""":0.0}}"",""{""""id"""":523,""""labels"""":[""""CellType""""],""""properties"""":{""""ontology_id"""":""""CL:0000678"""",""""name"""":""""commissural neuron""""}}""
""{""""id"""":3153,""""labels"""":[""""Pathway""""],""""properties"""":{""""name"""":""""SA_CASPASE_CASCADE"""",""""database_source"""":""""Other""""}}"",""{""""id"""":6919785225501278789,""""type"""":""""HAS_ACTIVITY_IN"""",""""start"""":3153,""""end"""":581,""""properties"""":{""""score"""":0.0}}"",""{""""id"""":581,""""labels"""":[""""CellType""""],""""properties"""":{""""ontology_id"""":""""CL:0000746"""",""""name"""":""""cardiac muscle cell""""}}""
""{""""id"""":3153,""""labels"""":[""""Pathway""""],""""properties"""":{""""name"""":""""SA_CASPASE_CASCADE"""",""""database_source"""":""""Other""""}}"",""{""""id"""":1204717298368121937,""""type"""":""""HAS_ACTIVITY_IN"""",""""start"""":3153,""""end"""":598,""""properties"""":{""""score"""":0.0}}"",""{""""id"""":598,""""labels"""":[""""CellType""""],""""properties"""":{""""ontology_id"""":""""CL:0000763"""",""""name"""":""""myeloid cell""""}}""
""{""""id"""":3153,""""labels"""":[""""Pathway""""],""""properties"""":{""""name"""":""""SA_CASPASE_CASCADE"""",""""database_source"""":""""Other""""}}"",""{""""id"""":1175443900790213713,""""type"""":""""HAS_ACTIVITY_IN"""",""""start"""":3153,""""end"""":600,""""properties"""":{""""score"""":0.0}}"",""{""""id"""":600,""""labels"""":[""""CellType""""],""""properties"""":{""""ontology_id"""":""""CL:0000765"""",""""name"""":""""erythroblast""""}}""
""{""""id"""":3153,""""labels"""":[""""Pathway""""],""""properties"""":{""""name"""":""""SA_CASPASE_CASCADE"""",""""database_source"""":""""Other""""}}"",""{""""id"""":1206969098181807185,""""type"""":""""HAS_ACTIVITY_IN"""",""""start"""":3153,""""end"""":610,""""properties"""":{""""score"""":0.0}}"",""{""""id"""":610,""""labels"""":[""""CellType""""],""""properties"""":{""""ontology_id"""":""""CL:0000775"""",""""name"""":""""neutrophil""""}}""
""{""""id"""":3153,""""labels"""":[""""Pathway""""],""""properties"""":{""""name"""":""""SA_CASPASE_CASCADE"""",""""database_source"""":""""Other""""}}"",""{""""id"""":1159681302094416977,""""type"""":""""HAS_ACTIVITY_IN"""",""""start"""":3153,""""end"""":621,""""properties"""":{""""score"""":0.0}}"",""{""""id"""":621,""""labels"""":[""""CellType""""],""""properties"""":{""""ontology_id"""":""""CL:0000786"""",""""name"""":""""plasma cell""""}}""
""{""""id"""":3153,""""labels"""":[""""Pathway""""],""""properties"""":{""""name"""":""""SA_CASPASE_CASCADE"""",""""database_source"""":""""Other""""}}"",""{""""id"""":6919785225501278842,""""type"""":""""HAS_ACTIVITY_IN"""",""""start"""":3153,""""end"""":634,""""properties"""":{""""score"""":0.0}}"",""{""""id"""":634,""""labels"""":[""""CellType""""],""""properties"""":{""""ontology_id"""":""""CL:0000799"""",""""name"""":""""immature gamma-delta T cell""""}}""
""{""""id"""":3153,""""labels"""":[""""Pathway""""],""""properties"""":{""""name"""":""""SA_CASPASE_CASCADE"""",""""database_source"""":""""Other""""}}"",""{""""id"""":1193458299299695697,""""type"""":""""HAS_ACTIVITY_IN"""",""""start"""":3153,""""end"""":695,""""properties"""":{""""score"""":0.0}}"",""{""""id"""":695,""""labels"""":[""""CellType""""],""""properties"""":{""""ontology_id"""":""""CL:0000863"""",""""name"""":""""inflammatory macrophage""""}}""
""{""""id"""":3153,""""labels"""":[""""Pathway""""],""""properties"""":{""""name"""":""""SA_CASPASE_CASCADE"""",""""database_source"""":""""Other""""}}"",""{""""id"""":6919785225501279190,""""type"""":""""HAS_ACTIVITY_IN"""",""""start"""":3153,""""end"""":982,""""properties"""":{""""score"""":0.0}}"",""{""""id"""":982,""""labels"""":[""""CellType""""],""""properties"""":{""""ontology_id"""":""""CL:0002063"""",""""name"""":""""pulmonary alveolar type 2 cell""""}}""
""{""""id"""":3153,""""labels"""":[""""Pathway""""],""""properties"""":{""""name"""":""""SA_CASPASE_CASCADE"""",""""database_source"""":""""Other""""}}"",""{""""id"""":1177695700603898961,""""type"""":""""HAS_ACTIVITY_IN"""",""""start"""":3153,""""end"""":1018,""""properties"""":{""""score"""":0.0}}"",""{""""id"""":1018,""""labels"""":[""""CellType""""],""""properties"""":{""""ontology_id"""":""""CL:0002100"""",""""name"""":""""regular interventricular cardiac myocyte""""}}""
""{""""id"""":3153,""""labels"""":[""""Pathway""""],""""properties"""":{""""name"""":""""SA_CASPASE_CASCADE"""",""""database_source"""":""""Other""""}}"",""{""""id"""":1213724497622862929,""""type"""":""""HAS_ACTIVITY_IN"""",""""start"""":3153,""""end"""":1064,""""properties"""":{""""score"""":0.0}}"",""{""""id"""":1064,""""labels"""":[""""CellType""""],""""properties"""":{""""ontology_id"""":""""CL:0002146"""",""""name"""":""""clear cell of eccrine sweat gland""""}}""
""{""""id"""":3153,""""labels"""":[""""Pathway""""],""""properties"""":{""""name"""":""""SA_CASPASE_CASCADE"""",""""database_source"""":""""Other""""}}"",""{""""id"""":6919785225501279277,""""type"""":""""HAS_ACTIVITY_IN"""",""""start"""":3153,""""end"""":1069,""""properties"""":{""""score"""":0.0}}"",""{""""id"""":1069,""""labels"""":[""""CellType""""],""""properties"""":{""""ontology_id"""":""""CL:0002151"""",""""name"""":""""late promyelocyte""""}}""
""{""""id"""":3153,""""labels"""":[""""Pathway""""],""""properties"""":{""""name"""":""""SA_CASPASE_CASCADE"""",""""database_source"""":""""Other""""}}"",""{""""id"""":1182199300231269457,""""type"""":""""HAS_ACTIVITY_IN"""",""""start"""":3153,""""end"""":1138,""""properties"""":{""""score"""":0.0}}"",""{""""id"""":1138,""""labels"""":[""""CellType""""],""""properties"""":{""""ontology_id"""":""""CL:0002224"""",""""name"""":""""lens epithelial cell""""}}""
""{""""id"""":3153,""""labels"""":[""""Pathway""""],""""properties"""":{""""name"""":""""SA_CASPASE_CASCADE"""",""""database_source"""":""""Other""""}}"",""{""""id"""":1186702899858639953,""""type"""":""""HAS_ACTIVITY_IN"""",""""start"""":3153,""""end"""":1230,""""properties"""":{""""score"""":0.0}}"",""{""""id"""":1230,""""labels"""":[""""CellType""""],""""properties"""":{""""ontology_id"""":""""CL:0002319"""",""""name"""":""""neural cell""""}}""
""{""""id"""":3153,""""labels"""":[""""Pathway""""],""""properties"""":{""""name"""":""""SA_CASPASE_CASCADE"""",""""database_source"""":""""Other""""}}"",""{""""id"""":1229487096318659665,""""type"""":""""HAS_ACTIVITY_IN"""",""""start"""":3153,""""end"""":1233,""""properties"""":{""""score"""":0.0}}"",""{""""id"""":1233,""""labels"""":[""""CellType""""],""""properties"""":{""""ontology_id"""":""""CL:0002322"""",""""name"""":""""embryonic stem cell""""}}""
""{""""id"""":3153,""""labels"""":[""""Pathway""""],""""properties"""":{""""name"""":""""SA_CASPASE_CASCADE"""",""""database_source"""":""""Other""""}}"",""{""""id"""":1170940301162843217,""""type"""":""""HAS_ACTIVITY_IN"""",""""start"""":3153,""""end"""":1787,""""properties"""":{""""score"""":0.0}}"",""{""""id"""":1787,""""labels"""":[""""CellType""""],""""properties"""":{""""ontology_id"""":""""CL:0009004"""",""""name"""":""""retinal cell""""}}""
""{""""id"""":3173,""""labels"""":[""""Pathway""""],""""properties"""":{""""name"""":""""SA_FAS_SIGNALING"""",""""database_source"""":""""Other""""}}"",""{""""id"""":1164184901721787493,""""type"""":""""HAS_ACTIVITY_IN"""",""""start"""":3173,""""end"""":31,""""properties"""":{""""score"""":0.0}}"",""{""""id"""":31,""""labels"""":[""""CellType""""],""""properties"""":{""""ontology_id"""":""""CL:0000037"""",""""name"""":""""hematopoietic stem cell""""}}""
""{""""id"""":3173,""""labels"""":[""""Pathway""""],""""properties"""":{""""name"""":""""SA_FAS_SIGNALING"""",""""database_source"""":""""Other""""}}"",""{""""id"""":1211472697809177701,""""type"""":""""HAS_ACTIVITY_IN"""",""""start"""":3173,""""end"""":37,""""properties"""":{""""score"""":0.0}}"",""{""""id"""":37,""""labels"""":[""""CellType""""],""""properties"""":{""""ontology_id"""":""""CL:0000043"""",""""name"""":""""mature basophil""""}}""
""{""""id"""":3173,""""labels"""":[""""Pathway""""],""""properties"""":{""""name"""":""""SA_FAS_SIGNALING"""",""""database_source"""":""""Other""""}}"",""{""""id"""":1184451100044954725,""""type"""":""""HAS_ACTIVITY_IN"""",""""start"""":3173,""""end"""":45,""""properties"""":{""""score"""":0.0}}"",""{""""id"""":45,""""labels"""":[""""CellType""""],""""properties"""":{""""ontology_id"""":""""CL:0000057"""",""""name"""":""""fibroblast""""}}""
""{""""id"""":3173,""""labels"""":[""""Pathway""""],""""properties"""":{""""name"""":""""SA_FAS_SIGNALING"""",""""database_source"""":""""Other""""}}"",""{""""id"""":1188954699672325221,""""type"""":""""HAS_ACTIVITY_IN"""",""""start"""":3173,""""end"""":47,""""properties"""":{""""score"""":0.0}}"",""{""""id"""":47,""""labels"""":[""""CellType""""],""""properties"""":{""""ontology_id"""":""""CL:0000059"""",""""name"""":""""ameloblast""""}}""
""{""""id"""":3173,""""labels"""":[""""Pathway""""],""""properties"""":{""""name"""":""""SA_FAS_SIGNALING"""",""""database_source"""":""""Other""""}}"",""{""""id"""":1173192100976528485,""""type"""":""""HAS_ACTIVITY_IN"""",""""start"""":3173,""""end"""":53,""""properties"""":{""""score"""":0.0}}"",""{""""id"""":53,""""labels"""":[""""CellType""""],""""properties"""":{""""ontology_id"""":""""CL:0000066"""",""""name"""":""""epithelial cell""""}}""
""{""""id"""":3173,""""labels"""":[""""Pathway""""],""""properties"""":{""""name"""":""""SA_FAS_SIGNALING"""",""""database_source"""":""""Other""""}}"",""{""""id"""":1200213698740751461,""""type"""":""""HAS_ACTIVITY_IN"""",""""start"""":3173,""""end"""":61,""""properties"""":{""""score"""":0.0}}"",""{""""id"""":61,""""labels"""":[""""CellType""""],""""properties"""":{""""ontology_id"""":""""CL:0000077"""",""""name"""":""""mesothelial cell""""}}""
""{""""id"""":3173,""""labels"""":[""""Pathway""""],""""properties"""":{""""name"""":""""SA_FAS_SIGNALING"""",""""database_source"""":""""Other""""}}"",""{""""id"""":1215976297436548197,""""type"""":""""HAS_ACTIVITY_IN"""",""""start"""":3173,""""end"""":68,""""properties"""":{""""score"""":0.0}}"",""{""""id"""":68,""""labels"""":[""""CellType""""],""""properties"""":{""""ontology_id"""":""""CL:0000084"""",""""name"""":""""T cell""""}}""
""{""""id"""":3173,""""labels"""":[""""Pathway""""],""""properties"""":{""""name"""":""""SA_FAS_SIGNALING"""",""""database_source"""":""""Other""""}}"",""{""""id"""":1197961898927066213,""""type"""":""""HAS_ACTIVITY_IN"""",""""start"""":3173,""""end"""":74,""""properties"""":{""""score"""":0.0}}"",""{""""id"""":74,""""labels"""":[""""CellType""""],""""properties"""":{""""ontology_id"""":""""CL:0000097"""",""""name"""":""""mast cell""""}}""
""{""""id"""":3173,""""labels"""":[""""Pathway""""],""""properties"""":{""""name"""":""""SA_FAS_SIGNALING"""",""""database_source"""":""""Other""""}}"",""{""""id"""":6922037025314963543,""""type"""":""""HAS_ACTIVITY_IN"""",""""start"""":3173,""""end"""":87,""""properties"""":{""""score"""":0.0}}"",""{""""id"""":87,""""labels"""":[""""CellType""""],""""properties"""":{""""ontology_id"""":""""CL:0000110"""",""""name"""":""""peptidergic neuron""""}}""
""{""""id"""":3173,""""labels"""":[""""Pathway""""],""""properties"""":{""""name"""":""""SA_FAS_SIGNALING"""",""""database_source"""":""""Other""""}}"",""{""""id"""":1168688501349157989,""""type"""":""""HAS_ACTIVITY_IN"""",""""start"""":3173,""""end"""":91,""""properties"""":{""""score"""":0.0}}"",""{""""id"""":91,""""labels"""":[""""CellType""""],""""properties"""":{""""ontology_id"""":""""CL:0000115"""",""""name"""":""""endothelial cell""""}}""
""{""""id"""":3173,""""labels"""":[""""Pathway""""],""""properties"""":{""""name"""":""""SA_FAS_SIGNALING"""",""""database_source"""":""""Other""""}}"",""{""""id"""":1155177702467046501,""""type"""":""""HAS_ACTIVITY_IN"""",""""start"""":3173,""""end"""":102,""""properties"""":{""""score"""":0.0}}"",""{""""id"""":102,""""labels"""":[""""CellType""""],""""properties"""":{""""ontology_id"""":""""CL:0000127"""",""""name"""":""""astrocyte""""}}""
""{""""id"""":3173,""""labels"""":[""""Pathway""""],""""properties"""":{""""name"""":""""SA_FAS_SIGNALING"""",""""database_source"""":""""Other""""}}"",""{""""id"""":1209220897995492453,""""type"""":""""HAS_ACTIVITY_IN"""",""""start"""":3173,""""end"""":103,""""properties"""":{""""score"""":0.0}}"",""{""""id"""":103,""""labels"""":[""""CellType""""],""""properties"""":{""""ontology_id"""":""""CL:0000128"""",""""name"""":""""oligodendrocyte""""}}""
""{""""id"""":3173,""""labels"""":[""""Pathway""""],""""properties"""":{""""name"""":""""SA_FAS_SIGNALING"""",""""database_source"""":""""Other""""}}"",""{""""id"""":1231738896132344933,""""type"""":""""HAS_ACTIVITY_IN"""",""""start"""":3173,""""end"""":113,""""properties"""":{""""score"""":0.0}}"",""{""""id"""":113,""""labels"""":[""""CellType""""],""""properties"""":{""""ontology_id"""":""""CL:0000138"""",""""name"""":""""chondrocyte""""}}""
""{""""id"""":3173,""""labels"""":[""""Pathway""""],""""properties"""":{""""name"""":""""SA_FAS_SIGNALING"""",""""database_source"""":""""Other""""}}"",""{""""id"""":1152925902653361253,""""type"""":""""HAS_ACTIVITY_IN"""",""""start"""":3173,""""end"""":118,""""properties"""":{""""score"""":0.0}}"",""{""""id"""":118,""""labels"""":[""""CellType""""],""""properties"""":{""""ontology_id"""":""""CL:0000145"""",""""name"""":""""professional antigen presenting cell""""}}""
""{""""id"""":3173,""""labels"""":[""""Pathway""""],""""properties"""":{""""name"""":""""SA_FAS_SIGNALING"""",""""database_source"""":""""Other""""}}"",""{""""id"""":1224983496691289189,""""type"""":""""HAS_ACTIVITY_IN"""",""""start"""":3173,""""end"""":130,""""properties"""":{""""score"""":0.0}}"",""{""""id"""":130,""""labels"""":[""""CellType""""],""""properties"""":{""""ontology_id"""":""""CL:0000158"""",""""name"""":""""club cell""""}}""
""{""""id"""":3173,""""labels"""":[""""Pathway""""],""""properties"""":{""""name"""":""""SA_FAS_SIGNALING"""",""""database_source"""":""""Other""""}}"",""{""""id"""":1220479897063918693,""""type"""":""""HAS_ACTIVITY_IN"""",""""start"""":3173,""""end"""":134,""""properties"""":{""""score"""":0.0}}"",""{""""id"""":134,""""labels"""":[""""CellType""""],""""properties"""":{""""ontology_id"""":""""CL:0000163"""",""""name"""":""""endocrine cell""""}}""
""{""""id"""":3173,""""labels"""":[""""Pathway""""],""""properties"""":{""""name"""":""""SA_FAS_SIGNALING"""",""""database_source"""":""""Other""""}}"",""{""""id"""":1227235296504974437,""""type"""":""""HAS_ACTIVITY_IN"""",""""start"""":3173,""""end"""":152,""""properties"""":{""""score"""":0.0}}"",""{""""id"""":152,""""labels"""":[""""CellType""""],""""properties"""":{""""ontology_id"""":""""CL:0000182"""",""""name"""":""""hepatocyte""""}}""
""{""""id"""":3173,""""labels"""":[""""Pathway""""],""""properties"""":{""""name"""":""""SA_FAS_SIGNALING"""",""""database_source"""":""""Other""""}}"",""{""""id"""":1222731696877603941,""""type"""":""""HAS_ACTIVITY_IN"""",""""start"""":3173,""""end"""":157,""""properties"""":{""""score"""":0.0}}"",""{""""id"""":157,""""labels"""":[""""CellType""""],""""properties"""":{""""ontology_id"""":""""CL:0000188"""",""""name"""":""""cell of skeletal muscle""""}}""
""{""""id"""":3173,""""labels"""":[""""Pathway""""],""""properties"""":{""""name"""":""""SA_FAS_SIGNALING"""",""""database_source"""":""""Other""""}}"",""{""""id"""":1191206499486010469,""""type"""":""""HAS_ACTIVITY_IN"""",""""start"""":3173,""""end"""":160,""""properties"""":{""""score"""":0.0}}"",""{""""id"""":160,""""labels"""":[""""CellType""""],""""properties"""":{""""ontology_id"""":""""CL:0000192"""",""""name"""":""""smooth muscle cell""""}}""
""{""""id"""":3173,""""labels"""":[""""Pathway""""],""""properties"""":{""""name"""":""""SA_FAS_SIGNALING"""",""""database_source"""":""""Other""""}}"",""{""""id"""":1195710099113380965,""""type"""":""""HAS_ACTIVITY_IN"""",""""start"""":3173,""""end"""":191,""""properties"""":{""""score"""":0.0}}"",""{""""id"""":191,""""labels"""":[""""CellType""""],""""properties"""":{""""ontology_id"""":""""CL:0000235"""",""""name"""":""""macrophage""""}}""
""{""""id"""":3173,""""labels"""":[""""Pathway""""],""""properties"""":{""""name"""":""""SA_FAS_SIGNALING"""",""""database_source"""":""""Other""""}}"",""{""""id"""":1157429502280731749,""""type"""":""""HAS_ACTIVITY_IN"""",""""start"""":3173,""""end"""":192,""""properties"""":{""""score"""":0.0}}"",""{""""id"""":192,""""labels"""":[""""CellType""""],""""properties"""":{""""ontology_id"""":""""CL:0000236"""",""""name"""":""""B cell""""}}""
""{""""id"""":3173,""""labels"""":[""""Pathway""""],""""properties"""":{""""name"""":""""SA_FAS_SIGNALING"""",""""database_source"""":""""Other""""}}"",""{""""id"""":1166436701535472741,""""type"""":""""HAS_ACTIVITY_IN"""",""""start"""":3173,""""end"""":328,""""properties"""":{""""score"""":0.0}}"",""{""""id"""":328,""""labels"""":[""""CellType""""],""""properties"""":{""""ontology_id"""":""""CL:0000451"""",""""name"""":""""dendritic cell""""}}""
""{""""id"""":3173,""""labels"""":[""""Pathway""""],""""properties"""":{""""name"""":""""SA_FAS_SIGNALING"""",""""database_source"""":""""Other""""}}"",""{""""id"""":1179947500417584229,""""type"""":""""HAS_ACTIVITY_IN"""",""""start"""":3173,""""end"""":402,""""properties"""":{""""score"""":0.0}}"",""{""""id"""":402,""""labels"""":[""""CellType""""],""""properties"""":{""""ontology_id"""":""""CL:0000540"""",""""name"""":""""neuron""""}}""
""{""""id"""":3173,""""labels"""":[""""Pathway""""],""""properties"""":{""""name"""":""""SA_FAS_SIGNALING"""",""""database_source"""":""""Other""""}}"",""{""""id"""":1202465498554436709,""""type"""":""""HAS_ACTIVITY_IN"""",""""start"""":3173,""""end"""":434,""""properties"""":{""""score"""":0.0}}"",""{""""id"""":434,""""labels"""":[""""CellType""""],""""properties"""":{""""ontology_id"""":""""CL:0000576"""",""""name"""":""""monocyte""""}}""
""{""""id"""":3173,""""labels"""":[""""Pathway""""],""""properties"""":{""""name"""":""""SA_FAS_SIGNALING"""",""""database_source"""":""""Other""""}}"",""{""""id"""":1218228097250233445,""""type"""":""""HAS_ACTIVITY_IN"""",""""start"""":3173,""""end"""":442,""""properties"""":{""""score"""":0.0}}"",""{""""id"""":442,""""labels"""":[""""CellType""""],""""properties"""":{""""ontology_id"""":""""CL:0000584"""",""""name"""":""""enterocyte""""}}""
""{""""id"""":3173,""""labels"""":[""""Pathway""""],""""properties"""":{""""name"""":""""SA_FAS_SIGNALING"""",""""database_source"""":""""Other""""}}"",""{""""id"""":6922037025314963932,""""type"""":""""HAS_ACTIVITY_IN"""",""""start"""":3173,""""end"""":476,""""properties"""":{""""score"""":0.0}}"",""{""""id"""":476,""""labels"""":[""""CellType""""],""""properties"""":{""""ontology_id"""":""""CL:0000622"""",""""name"""":""""acinar cell""""}}""
""{""""id"""":3173,""""labels"""":[""""Pathway""""],""""properties"""":{""""name"""":""""SA_FAS_SIGNALING"""",""""database_source"""":""""Other""""}}"",""{""""id"""":1161933101908102245,""""type"""":""""HAS_ACTIVITY_IN"""",""""start"""":3173,""""end"""":477,""""properties"""":{""""score"""":0.0}}"",""{""""id"""":477,""""labels"""":[""""CellType""""],""""properties"""":{""""ontology_id"""":""""CL:0000623"""",""""name"""":""""natural killer cell""""}}""
""{""""id"""":3173,""""labels"""":[""""Pathway""""],""""properties"""":{""""name"""":""""SA_FAS_SIGNALING"""",""""database_source"""":""""Other""""}}"",""{""""id"""":6922037025314963979,""""type"""":""""HAS_ACTIVITY_IN"""",""""start"""":3173,""""end"""":523,""""properties"""":{""""score"""":0.0}}"",""{""""id"""":523,""""labels"""":[""""CellType""""],""""properties"""":{""""ontology_id"""":""""CL:0000678"""",""""name"""":""""commissural neuron""""}}""
""{""""id"""":3173,""""labels"""":[""""Pathway""""],""""properties"""":{""""name"""":""""SA_FAS_SIGNALING"""",""""database_source"""":""""Other""""}}"",""{""""id"""":6922037025314964037,""""type"""":""""HAS_ACTIVITY_IN"""",""""start"""":3173,""""end"""":581,""""properties"""":{""""score"""":0.0}}"",""{""""id"""":581,""""labels"""":[""""CellType""""],""""properties"""":{""""ontology_id"""":""""CL:0000746"""",""""name"""":""""cardiac muscle cell""""}}""
""{""""id"""":3173,""""labels"""":[""""Pathway""""],""""properties"""":{""""name"""":""""SA_FAS_SIGNALING"""",""""database_source"""":""""Other""""}}"",""{""""id"""":1204717298368121957,""""type"""":""""HAS_ACTIVITY_IN"""",""""start"""":3173,""""end"""":598,""""properties"""":{""""score"""":0.0}}"",""{""""id"""":598,""""labels"""":[""""CellType""""],""""properties"""":{""""ontology_id"""":""""CL:0000763"""",""""name"""":""""myeloid cell""""}}""
""{""""id"""":3173,""""labels"""":[""""Pathway""""],""""properties"""":{""""name"""":""""SA_FAS_SIGNALING"""",""""database_source"""":""""Other""""}}"",""{""""id"""":1175443900790213733,""""type"""":""""HAS_ACTIVITY_IN"""",""""start"""":3173,""""end"""":600,""""properties"""":{""""score"""":0.0}}"",""{""""id"""":600,""""labels"""":[""""CellType""""],""""properties"""":{""""ontology_id"""":""""CL:0000765"""",""""name"""":""""erythroblast""""}}""
""{""""id"""":3173,""""labels"""":[""""Pathway""""],""""properties"""":{""""name"""":""""SA_FAS_SIGNALING"""",""""database_source"""":""""Other""""}}"",""{""""id"""":1206969098181807205,""""type"""":""""HAS_ACTIVITY_IN"""",""""start"""":3173,""""end"""":610,""""properties"""":{""""score"""":0.0}}"",""{""""id"""":610,""""labels"""":[""""CellType""""],""""properties"""":{""""ontology_id"""":""""CL:0000775"""",""""name"""":""""neutrophil""""}}""
""{""""id"""":3173,""""labels"""":[""""Pathway""""],""""properties"""":{""""name"""":""""SA_FAS_SIGNALING"""",""""database_source"""":""""Other""""}}"",""{""""id"""":1159681302094416997,""""type"""":""""HAS_ACTIVITY_IN"""",""""start"""":3173,""""end"""":621,""""properties"""":{""""score"""":0.0}}"",""{""""id"""":621,""""labels"""":[""""CellType""""],""""properties"""":{""""ontology_id"""":""""CL:0000786"""",""""name"""":""""plasma cell""""}}""
""{""""id"""":3173,""""labels"""":[""""Pathway""""],""""properties"""":{""""name"""":""""SA_FAS_SIGNALING"""",""""database_source"""":""""Other""""}}"",""{""""id"""":6922037025314964090,""""type"""":""""HAS_ACTIVITY_IN"""",""""start"""":3173,""""end"""":634,""""properties"""":{""""score"""":0.0}}"",""{""""id"""":634,""""labels"""":[""""CellType""""],""""properties"""":{""""ontology_id"""":""""CL:0000799"""",""""name"""":""""immature gamma-delta T cell""""}}""
""{""""id"""":3173,""""labels"""":[""""Pathway""""],""""properties"""":{""""name"""":""""SA_FAS_SIGNALING"""",""""database_source"""":""""Other""""}}"",""{""""id"""":1193458299299695717,""""type"""":""""HAS_ACTIVITY_IN"""",""""start"""":3173,""""end"""":695,""""properties"""":{""""score"""":0.0}}"",""{""""id"""":695,""""labels"""":[""""CellType""""],""""properties"""":{""""ontology_id"""":""""CL:0000863"""",""""name"""":""""inflammatory macrophage""""}}""
""{""""id"""":3173,""""labels"""":[""""Pathway""""],""""properties"""":{""""name"""":""""SA_FAS_SIGNALING"""",""""database_source"""":""""Other""""}}"",""{""""id"""":6922037025314964438,""""type"""":""""HAS_ACTIVITY_IN"""",""""start"""":3173,""""end"""":982,""""properties"""":{""""score"""":0.0}}"",""{""""id"""":982,""""labels"""":[""""CellType""""],""""properties"""":{""""ontology_id"""":""""CL:0002063"""",""""name"""":""""pulmonary alveolar type 2 cell""""}}""
""{""""id"""":3173,""""labels"""":[""""Pathway""""],""""properties"""":{""""name"""":""""SA_FAS_SIGNALING"""",""""database_source"""":""""Other""""}}"",""{""""id"""":1177695700603898981,""""type"""":""""HAS_ACTIVITY_IN"""",""""start"""":3173,""""end"""":1018,""""properties"""":{""""score"""":0.0}}"",""{""""id"""":1018,""""labels"""":[""""CellType""""],""""properties"""":{""""ontology_id"""":""""CL:0002100"""",""""name"""":""""regular interventricular cardiac myocyte""""}}""
""{""""id"""":3173,""""labels"""":[""""Pathway""""],""""properties"""":{""""name"""":""""SA_FAS_SIGNALING"""",""""database_source"""":""""Other""""}}"",""{""""id"""":1213724497622862949,""""type"""":""""HAS_ACTIVITY_IN"""",""""start"""":3173,""""end"""":1064,""""properties"""":{""""score"""":0.0}}"",""{""""id"""":1064,""""labels"""":[""""CellType""""],""""properties"""":{""""ontology_id"""":""""CL:0002146"""",""""name"""":""""clear cell of eccrine sweat gland""""}}""
""{""""id"""":3173,""""labels"""":[""""Pathway""""],""""properties"""":{""""name"""":""""SA_FAS_SIGNALING"""",""""database_source"""":""""Other""""}}"",""{""""id"""":6922037025314964525,""""type"""":""""HAS_ACTIVITY_IN"""",""""start"""":3173,""""end"""":1069,""""properties"""":{""""score"""":0.0}}"",""{""""id"""":1069,""""labels"""":[""""CellType""""],""""properties"""":{""""ontology_id"""":""""CL:0002151"""",""""name"""":""""late promyelocyte""""}}""
""{""""id"""":3173,""""labels"""":[""""Pathway""""],""""properties"""":{""""name"""":""""SA_FAS_SIGNALING"""",""""database_source"""":""""Other""""}}"",""{""""id"""":1182199300231269477,""""type"""":""""HAS_ACTIVITY_IN"""",""""start"""":3173,""""end"""":1138,""""properties"""":{""""score"""":0.0}}"",""{""""id"""":1138,""""labels"""":[""""CellType""""],""""properties"""":{""""ontology_id"""":""""CL:0002224"""",""""name"""":""""lens epithelial cell""""}}""
""{""""id"""":3173,""""labels"""":[""""Pathway""""],""""properties"""":{""""name"""":""""SA_FAS_SIGNALING"""",""""database_source"""":""""Other""""}}"",""{""""id"""":1186702899858639973,""""type"""":""""HAS_ACTIVITY_IN"""",""""start"""":3173,""""end"""":1230,""""properties"""":{""""score"""":0.0}}"",""{""""id"""":1230,""""labels"""":[""""CellType""""],""""properties"""":{""""ontology_id"""":""""CL:0002319"""",""""name"""":""""neural cell""""}}""
""{""""id"""":3173,""""labels"""":[""""Pathway""""],""""properties"""":{""""name"""":""""SA_FAS_SIGNALING"""",""""database_source"""":""""Other""""}}"",""{""""id"""":1229487096318659685,""""type"""":""""HAS_ACTIVITY_IN"""",""""start"""":3173,""""end"""":1233,""""properties"""":{""""score"""":0.0}}"",""{""""id"""":1233,""""labels"""":[""""CellType""""],""""properties"""":{""""ontology_id"""":""""CL:0002322"""",""""name"""":""""embryonic stem cell""""}}""
""{""""id"""":3173,""""labels"""":[""""Pathway""""],""""properties"""":{""""name"""":""""SA_FAS_SIGNALING"""",""""database_source"""":""""Other""""}}"",""{""""id"""":1170940301162843237,""""type"""":""""HAS_ACTIVITY_IN"""",""""start"""":3173,""""end"""":1787,""""properties"""":{""""score"""":0.0}}"",""{""""id"""":1787,""""labels"""":[""""CellType""""],""""properties"""":{""""ontology_id"""":""""CL:0009004"""",""""name"""":""""retinal cell""""}}""
""{""""id"""":3179,""""labels"""":[""""Pathway""""],""""properties"""":{""""name"""":""""SA_G1_AND_S_PHASES"""",""""database_source"""":""""Other""""}}"",""{""""id"""":1164184901721787499,""""type"""":""""HAS_ACTIVITY_IN"""",""""start"""":3179,""""end"""":31,""""properties"""":{""""score"""":0.0}}"",""{""""id"""":31,""""labels"""":[""""CellType""""],""""properties"""":{""""ontology_id"""":""""CL:0000037"""",""""name"""":""""hematopoietic stem cell""""}}""
""{""""id"""":3179,""""labels"""":[""""Pathway""""],""""properties"""":{""""name"""":""""SA_G1_AND_S_PHASES"""",""""database_source"""":""""Other""""}}"",""{""""id"""":1211472697809177707,""""type"""":""""HAS_ACTIVITY_IN"""",""""start"""":3179,""""end"""":37,""""properties"""":{""""score"""":0.0}}"",""{""""id"""":37,""""labels"""":[""""CellType""""],""""properties"""":{""""ontology_id"""":""""CL:0000043"""",""""name"""":""""mature basophil""""}}""
""{""""id"""":3179,""""labels"""":[""""Pathway""""],""""properties"""":{""""name"""":""""SA_G1_AND_S_PHASES"""",""""database_source"""":""""Other""""}}"",""{""""id"""":1184451100044954731,""""type"""":""""HAS_ACTIVITY_IN"""",""""start"""":3179,""""end"""":45,""""properties"""":{""""score"""":0.0}}"",""{""""id"""":45,""""labels"""":[""""CellType""""],""""properties"""":{""""ontology_id"""":""""CL:0000057"""",""""name"""":""""fibroblast""""}}""
""{""""id"""":3179,""""labels"""":[""""Pathway""""],""""properties"""":{""""name"""":""""SA_G1_AND_S_PHASES"""",""""database_source"""":""""Other""""}}"",""{""""id"""":1188954699672325227,""""type"""":""""HAS_ACTIVITY_IN"""",""""start"""":3179,""""end"""":47,""""properties"""":{""""score"""":0.0}}"",""{""""id"""":47,""""labels"""":[""""CellType""""],""""properties"""":{""""ontology_id"""":""""CL:0000059"""",""""name"""":""""ameloblast""""}}""
""{""""id"""":3179,""""labels"""":[""""Pathway""""],""""properties"""":{""""name"""":""""SA_G1_AND_S_PHASES"""",""""database_source"""":""""Other""""}}"",""{""""id"""":1173192100976528491,""""type"""":""""HAS_ACTIVITY_IN"""",""""start"""":3179,""""end"""":53,""""properties"""":{""""score"""":0.0}}"",""{""""id"""":53,""""labels"""":[""""CellType""""],""""properties"""":{""""ontology_id"""":""""CL:0000066"""",""""name"""":""""epithelial cell""""}}""
""{""""id"""":3179,""""labels"""":[""""Pathway""""],""""properties"""":{""""name"""":""""SA_G1_AND_S_PHASES"""",""""database_source"""":""""Other""""}}"",""{""""id"""":1200213698740751467,""""type"""":""""HAS_ACTIVITY_IN"""",""""start"""":3179,""""end"""":61,""""properties"""":{""""score"""":0.0}}"",""{""""id"""":61,""""labels"""":[""""CellType""""],""""properties"""":{""""ontology_id"""":""""CL:0000077"""",""""name"""":""""mesothelial cell""""}}""
""{""""id"""":3179,""""labels"""":[""""Pathway""""],""""properties"""":{""""name"""":""""SA_G1_AND_S_PHASES"""",""""database_source"""":""""Other""""}}"",""{""""id"""":1215976297436548203,""""type"""":""""HAS_ACTIVITY_IN"""",""""start"""":3179,""""end"""":68,""""properties"""":{""""score"""":0.0}}"",""{""""id"""":68,""""labels"""":[""""CellType""""],""""properties"""":{""""ontology_id"""":""""CL:0000084"""",""""name"""":""""T cell""""}}""
""{""""id"""":3179,""""labels"""":[""""Pathway""""],""""properties"""":{""""name"""":""""SA_G1_AND_S_PHASES"""",""""database_source"""":""""Other""""}}"",""{""""id"""":1197961898927066219,""""type"""":""""HAS_ACTIVITY_IN"""",""""start"""":3179,""""end"""":74,""""properties"""":{""""score"""":0.0}}"",""{""""id"""":74,""""labels"""":[""""CellType""""],""""properties"""":{""""ontology_id"""":""""CL:0000097"""",""""name"""":""""mast cell""""}}""
""{""""id"""":3179,""""labels"""":[""""Pathway""""],""""properties"""":{""""name"""":""""SA_G1_AND_S_PHASES"""",""""database_source"""":""""Other""""}}"",""{""""id"""":6924288825128648791,""""type"""":""""HAS_ACTIVITY_IN"""",""""start"""":3179,""""end"""":87,""""properties"""":{""""score"""":0.0}}"",""{""""id"""":87,""""labels"""":[""""CellType""""],""""properties"""":{""""ontology_id"""":""""CL:0000110"""",""""name"""":""""peptidergic neuron""""}}""
""{""""id"""":3179,""""labels"""":[""""Pathway""""],""""properties"""":{""""name"""":""""SA_G1_AND_S_PHASES"""",""""database_source"""":""""Other""""}}"",""{""""id"""":1168688501349157995,""""type"""":""""HAS_ACTIVITY_IN"""",""""start"""":3179,""""end"""":91,""""properties"""":{""""score"""":0.0}}"",""{""""id"""":91,""""labels"""":[""""CellType""""],""""properties"""":{""""ontology_id"""":""""CL:0000115"""",""""name"""":""""endothelial cell""""}}""
""{""""id"""":3179,""""labels"""":[""""Pathway""""],""""properties"""":{""""name"""":""""SA_G1_AND_S_PHASES"""",""""database_source"""":""""Other""""}}"",""{""""id"""":1155177702467046507,""""type"""":""""HAS_ACTIVITY_IN"""",""""start"""":3179,""""end"""":102,""""properties"""":{""""score"""":0.0}}"",""{""""id"""":102,""""labels"""":[""""CellType""""],""""properties"""":{""""ontology_id"""":""""CL:0000127"""",""""name"""":""""astrocyte""""}}""
""{""""id"""":3179,""""labels"""":[""""Pathway""""],""""properties"""":{""""name"""":""""SA_G1_AND_S_PHASES"""",""""database_source"""":""""Other""""}}"",""{""""id"""":1209220897995492459,""""type"""":""""HAS_ACTIVITY_IN"""",""""start"""":3179,""""end"""":103,""""properties"""":{""""score"""":0.0}}"",""{""""id"""":103,""""labels"""":[""""CellType""""],""""properties"""":{""""ontology_id"""":""""CL:0000128"""",""""name"""":""""oligodendrocyte""""}}""
""{""""id"""":3179,""""labels"""":[""""Pathway""""],""""properties"""":{""""name"""":""""SA_G1_AND_S_PHASES"""",""""database_source"""":""""Other""""}}"",""{""""id"""":1231738896132344939,""""type"""":""""HAS_ACTIVITY_IN"""",""""start"""":3179,""""end"""":113,""""properties"""":{""""score"""":0.0}}"",""{""""id"""":113,""""labels"""":[""""CellType""""],""""properties"""":{""""ontology_id"""":""""CL:0000138"""",""""name"""":""""chondrocyte""""}}""
""{""""id"""":3179,""""labels"""":[""""Pathway""""],""""properties"""":{""""name"""":""""SA_G1_AND_S_PHASES"""",""""database_source"""":""""Other""""}}"",""{""""id"""":1152925902653361259,""""type"""":""""HAS_ACTIVITY_IN"""",""""start"""":3179,""""end"""":118,""""properties"""":{""""score"""":0.0}}"",""{""""id"""":118,""""labels"""":[""""CellType""""],""""properties"""":{""""ontology_id"""":""""CL:0000145"""",""""name"""":""""professional antigen presenting cell""""}}""
""{""""id"""":3179,""""labels"""":[""""Pathway""""],""""properties"""":{""""name"""":""""SA_G1_AND_S_PHASES"""",""""database_source"""":""""Other""""}}"",""{""""id"""":1224983496691289195,""""type"""":""""HAS_ACTIVITY_IN"""",""""start"""":3179,""""end"""":130,""""properties"""":{""""score"""":0.0}}"",""{""""id"""":130,""""labels"""":[""""CellType""""],""""properties"""":{""""ontology_id"""":""""CL:0000158"""",""""name"""":""""club cell""""}}""
""{""""id"""":3179,""""labels"""":[""""Pathway""""],""""properties"""":{""""name"""":""""SA_G1_AND_S_PHASES"""",""""database_source"""":""""Other""""}}"",""{""""id"""":1220479897063918699,""""type"""":""""HAS_ACTIVITY_IN"""",""""start"""":3179,""""end"""":134,""""properties"""":{""""score"""":0.0}}"",""{""""id"""":134,""""labels"""":[""""CellType""""],""""properties"""":{""""ontology_id"""":""""CL:0000163"""",""""name"""":""""endocrine cell""""}}""
""{""""id"""":3179,""""labels"""":[""""Pathway""""],""""properties"""":{""""name"""":""""SA_G1_AND_S_PHASES"""",""""database_source"""":""""Other""""}}"",""{""""id"""":1227235296504974443,""""type"""":""""HAS_ACTIVITY_IN"""",""""start"""":3179,""""end"""":152,""""properties"""":{""""score"""":0.0}}"",""{""""id"""":152,""""labels"""":[""""CellType""""],""""properties"""":{""""ontology_id"""":""""CL:0000182"""",""""name"""":""""hepatocyte""""}}""
""{""""id"""":3179,""""labels"""":[""""Pathway""""],""""properties"""":{""""name"""":""""SA_G1_AND_S_PHASES"""",""""database_source"""":""""Other""""}}"",""{""""id"""":1222731696877603947,""""type"""":""""HAS_ACTIVITY_IN"""",""""start"""":3179,""""end"""":157,""""properties"""":{""""score"""":0.0}}"",""{""""id"""":157,""""labels"""":[""""CellType""""],""""properties"""":{""""ontology_id"""":""""CL:0000188"""",""""name"""":""""cell of skeletal muscle""""}}""
""{""""id"""":3179,""""labels"""":[""""Pathway""""],""""properties"""":{""""name"""":""""SA_G1_AND_S_PHASES"""",""""database_source"""":""""Other""""}}"",""{""""id"""":1191206499486010475,""""type"""":""""HAS_ACTIVITY_IN"""",""""start"""":3179,""""end"""":160,""""properties"""":{""""score"""":0.0}}"",""{""""id"""":160,""""labels"""":[""""CellType""""],""""properties"""":{""""ontology_id"""":""""CL:0000192"""",""""name"""":""""smooth muscle cell""""}}""
""{""""id"""":3179,""""labels"""":[""""Pathway""""],""""properties"""":{""""name"""":""""SA_G1_AND_S_PHASES"""",""""database_source"""":""""Other""""}}"",""{""""id"""":1195710099113380971,""""type"""":""""HAS_ACTIVITY_IN"""",""""start"""":3179,""""end"""":191,""""properties"""":{""""score"""":0.0}}"",""{""""id"""":191,""""labels"""":[""""CellType""""],""""properties"""":{""""ontology_id"""":""""CL:0000235"""",""""name"""":""""macrophage""""}}""
""{""""id"""":3179,""""labels"""":[""""Pathway""""],""""properties"""":{""""name"""":""""SA_G1_AND_S_PHASES"""",""""database_source"""":""""Other""""}}"",""{""""id"""":1157429502280731755,""""type"""":""""HAS_ACTIVITY_IN"""",""""start"""":3179,""""end"""":192,""""properties"""":{""""score"""":0.0}}"",""{""""id"""":192,""""labels"""":[""""CellType""""],""""properties"""":{""""ontology_id"""":""""CL:0000236"""",""""name"""":""""B cell""""}}""
""{""""id"""":3179,""""labels"""":[""""Pathway""""],""""properties"""":{""""name"""":""""SA_G1_AND_S_PHASES"""",""""database_source"""":""""Other""""}}"",""{""""id"""":1166436701535472747,""""type"""":""""HAS_ACTIVITY_IN"""",""""start"""":3179,""""end"""":328,""""properties"""":{""""score"""":0.0}}"",""{""""id"""":328,""""labels"""":[""""CellType""""],""""properties"""":{""""ontology_id"""":""""CL:0000451"""",""""name"""":""""dendritic cell""""}}""
""{""""id"""":3179,""""labels"""":[""""Pathway""""],""""properties"""":{""""name"""":""""SA_G1_AND_S_PHASES"""",""""database_source"""":""""Other""""}}"",""{""""id"""":1179947500417584235,""""type"""":""""HAS_ACTIVITY_IN"""",""""start"""":3179,""""end"""":402,""""properties"""":{""""score"""":0.0}}"",""{""""id"""":402,""""labels"""":[""""CellType""""],""""properties"""":{""""ontology_id"""":""""CL:0000540"""",""""name"""":""""neuron""""}}""
""{""""id"""":3179,""""labels"""":[""""Pathway""""],""""properties"""":{""""name"""":""""SA_G1_AND_S_PHASES"""",""""database_source"""":""""Other""""}}"",""{""""id"""":1202465498554436715,""""type"""":""""HAS_ACTIVITY_IN"""",""""start"""":3179,""""end"""":434,""""properties"""":{""""score"""":0.0}}"",""{""""id"""":434,""""labels"""":[""""CellType""""],""""properties"""":{""""ontology_id"""":""""CL:0000576"""",""""name"""":""""monocyte""""}}""
""{""""id"""":3179,""""labels"""":[""""Pathway""""],""""properties"""":{""""name"""":""""SA_G1_AND_S_PHASES"""",""""database_source"""":""""Other""""}}"",""{""""id"""":1218228097250233451,""""type"""":""""HAS_ACTIVITY_IN"""",""""start"""":3179,""""end"""":442,""""properties"""":{""""score"""":0.0}}"",""{""""id"""":442,""""labels"""":[""""CellType""""],""""properties"""":{""""ontology_id"""":""""CL:0000584"""",""""name"""":""""enterocyte""""}}""
""{""""id"""":3179,""""labels"""":[""""Pathway""""],""""properties"""":{""""name"""":""""SA_G1_AND_S_PHASES"""",""""database_source"""":""""Other""""}}"",""{""""id"""":6924288825128649180,""""type"""":""""HAS_ACTIVITY_IN"""",""""start"""":3179,""""end"""":476,""""properties"""":{""""score"""":0.0}}"",""{""""id"""":476,""""labels"""":[""""CellType""""],""""properties"""":{""""ontology_id"""":""""CL:0000622"""",""""name"""":""""acinar cell""""}}""
""{""""id"""":3179,""""labels"""":[""""Pathway""""],""""properties"""":{""""name"""":""""SA_G1_AND_S_PHASES"""",""""database_source"""":""""Other""""}}"",""{""""id"""":1161933101908102251,""""type"""":""""HAS_ACTIVITY_IN"""",""""start"""":3179,""""end"""":477,""""properties"""":{""""score"""":0.0}}"",""{""""id"""":477,""""labels"""":[""""CellType""""],""""properties"""":{""""ontology_id"""":""""CL:0000623"""",""""name"""":""""natural killer cell""""}}""
""{""""id"""":3179,""""labels"""":[""""Pathway""""],""""properties"""":{""""name"""":""""SA_G1_AND_S_PHASES"""",""""database_source"""":""""Other""""}}"",""{""""id"""":6924288825128649227,""""type"""":""""HAS_ACTIVITY_IN"""",""""start"""":3179,""""end"""":523,""""properties"""":{""""score"""":0.0}}"",""{""""id"""":523,""""labels"""":[""""CellType""""],""""properties"""":{""""ontology_id"""":""""CL:0000678"""",""""name"""":""""commissural neuron""""}}""
""{""""id"""":3179,""""labels"""":[""""Pathway""""],""""properties"""":{""""name"""":""""SA_G1_AND_S_PHASES"""",""""database_source"""":""""Other""""}}"",""{""""id"""":6924288825128649285,""""type"""":""""HAS_ACTIVITY_IN"""",""""start"""":3179,""""end"""":581,""""properties"""":{""""score"""":0.0}}"",""{""""id"""":581,""""labels"""":[""""CellType""""],""""properties"""":{""""ontology_id"""":""""CL:0000746"""",""""name"""":""""cardiac muscle cell""""}}""
""{""""id"""":3179,""""labels"""":[""""Pathway""""],""""properties"""":{""""name"""":""""SA_G1_AND_S_PHASES"""",""""database_source"""":""""Other""""}}"",""{""""id"""":1204717298368121963,""""type"""":""""HAS_ACTIVITY_IN"""",""""start"""":3179,""""end"""":598,""""properties"""":{""""score"""":0.0}}"",""{""""id"""":598,""""labels"""":[""""CellType""""],""""properties"""":{""""ontology_id"""":""""CL:0000763"""",""""name"""":""""myeloid cell""""}}""
""{""""id"""":3179,""""labels"""":[""""Pathway""""],""""properties"""":{""""name"""":""""SA_G1_AND_S_PHASES"""",""""database_source"""":""""Other""""}}"",""{""""id"""":1175443900790213739,""""type"""":""""HAS_ACTIVITY_IN"""",""""start"""":3179,""""end"""":600,""""properties"""":{""""score"""":0.0}}"",""{""""id"""":600,""""labels"""":[""""CellType""""],""""properties"""":{""""ontology_id"""":""""CL:0000765"""",""""name"""":""""erythroblast""""}}""
""{""""id"""":3179,""""labels"""":[""""Pathway""""],""""properties"""":{""""name"""":""""SA_G1_AND_S_PHASES"""",""""database_source"""":""""Other""""}}"",""{""""id"""":1206969098181807211,""""type"""":""""HAS_ACTIVITY_IN"""",""""start"""":3179,""""end"""":610,""""properties"""":{""""score"""":0.0}}"",""{""""id"""":610,""""labels"""":[""""CellType""""],""""properties"""":{""""ontology_id"""":""""CL:0000775"""",""""name"""":""""neutrophil""""}}""
""{""""id"""":3179,""""labels"""":[""""Pathway""""],""""properties"""":{""""name"""":""""SA_G1_AND_S_PHASES"""",""""database_source"""":""""Other""""}}"",""{""""id"""":1159681302094417003,""""type"""":""""HAS_ACTIVITY_IN"""",""""start"""":3179,""""end"""":621,""""properties"""":{""""score"""":0.0}}"",""{""""id"""":621,""""labels"""":[""""CellType""""],""""properties"""":{""""ontology_id"""":""""CL:0000786"""",""""name"""":""""plasma cell""""}}""
""{""""id"""":3179,""""labels"""":[""""Pathway""""],""""properties"""":{""""name"""":""""SA_G1_AND_S_PHASES"""",""""database_source"""":""""Other""""}}"",""{""""id"""":6924288825128649338,""""type"""":""""HAS_ACTIVITY_IN"""",""""start"""":3179,""""end"""":634,""""properties"""":{""""score"""":0.0}}"",""{""""id"""":634,""""labels"""":[""""CellType""""],""""properties"""":{""""ontology_id"""":""""CL:0000799"""",""""name"""":""""immature gamma-delta T cell""""}}""
""{""""id"""":3179,""""labels"""":[""""Pathway""""],""""properties"""":{""""name"""":""""SA_G1_AND_S_PHASES"""",""""database_source"""":""""Other""""}}"",""{""""id"""":1193458299299695723,""""type"""":""""HAS_ACTIVITY_IN"""",""""start"""":3179,""""end"""":695,""""properties"""":{""""score"""":0.0}}"",""{""""id"""":695,""""labels"""":[""""CellType""""],""""properties"""":{""""ontology_id"""":""""CL:0000863"""",""""name"""":""""inflammatory macrophage""""}}""
""{""""id"""":3179,""""labels"""":[""""Pathway""""],""""properties"""":{""""name"""":""""SA_G1_AND_S_PHASES"""",""""database_source"""":""""Other""""}}"",""{""""id"""":6924288825128649686,""""type"""":""""HAS_ACTIVITY_IN"""",""""start"""":3179,""""end"""":982,""""properties"""":{""""score"""":0.0}}"",""{""""id"""":982,""""labels"""":[""""CellType""""],""""properties"""":{""""ontology_id"""":""""CL:0002063"""",""""name"""":""""pulmonary alveolar type 2 cell""""}}""
""{""""id"""":3179,""""labels"""":[""""Pathway""""],""""properties"""":{""""name"""":""""SA_G1_AND_S_PHASES"""",""""database_source"""":""""Other""""}}"",""{""""id"""":1177695700603898987,""""type"""":""""HAS_ACTIVITY_IN"""",""""start"""":3179,""""end"""":1018,""""properties"""":{""""score"""":0.0}}"",""{""""id"""":1018,""""labels"""":[""""CellType""""],""""properties"""":{""""ontology_id"""":""""CL:0002100"""",""""name"""":""""regular interventricular cardiac myocyte""""}}""
""{""""id"""":3179,""""labels"""":[""""Pathway""""],""""properties"""":{""""name"""":""""SA_G1_AND_S_PHASES"""",""""database_source"""":""""Other""""}}"",""{""""id"""":1213724497622862955,""""type"""":""""HAS_ACTIVITY_IN"""",""""start"""":3179,""""end"""":1064,""""properties"""":{""""score"""":0.0}}"",""{""""id"""":1064,""""labels"""":[""""CellType""""],""""properties"""":{""""ontology_id"""":""""CL:0002146"""",""""name"""":""""clear cell of eccrine sweat gland""""}}""
""{""""id"""":3179,""""labels"""":[""""Pathway""""],""""properties"""":{""""name"""":""""SA_G1_AND_S_PHASES"""",""""database_source"""":""""Other""""}}"",""{""""id"""":6924288825128649773,""""type"""":""""HAS_ACTIVITY_IN"""",""""start"""":3179,""""end"""":1069,""""properties"""":{""""score"""":0.0}}"",""{""""id"""":1069,""""labels"""":[""""CellType""""],""""properties"""":{""""ontology_id"""":""""CL:0002151"""",""""name"""":""""late promyelocyte""""}}""
""{""""id"""":3179,""""labels"""":[""""Pathway""""],""""properties"""":{""""name"""":""""SA_G1_AND_S_PHASES"""",""""database_source"""":""""Other""""}}"",""{""""id"""":1182199300231269483,""""type"""":""""HAS_ACTIVITY_IN"""",""""start"""":3179,""""end"""":1138,""""properties"""":{""""score"""":0.0}}"",""{""""id"""":1138,""""labels"""":[""""CellType""""],""""properties"""":{""""ontology_id"""":""""CL:0002224"""",""""name"""":""""lens epithelial cell""""}}""
""{""""id"""":3179,""""labels"""":[""""Pathway""""],""""properties"""":{""""name"""":""""SA_G1_AND_S_PHASES"""",""""database_source"""":""""Other""""}}"",""{""""id"""":1186702899858639979,""""type"""":""""HAS_ACTIVITY_IN"""",""""start"""":3179,""""end"""":1230,""""properties"""":{""""score"""":0.0}}"",""{""""id"""":1230,""""labels"""":[""""CellType""""],""""properties"""":{""""ontology_id"""":""""CL:0002319"""",""""name"""":""""neural cell""""}}""
""{""""id"""":3179,""""labels"""":[""""Pathway""""],""""properties"""":{""""name"""":""""SA_G1_AND_S_PHASES"""",""""database_source"""":""""Other""""}}"",""{""""id"""":1229487096318659691,""""type"""":""""HAS_ACTIVITY_IN"""",""""start"""":3179,""""end"""":1233,""""properties"""":{""""score"""":0.0}}"",""{""""id"""":1233,""""labels"""":[""""CellType""""],""""properties"""":{""""ontology_id"""":""""CL:0002322"""",""""name"""":""""embryonic stem cell""""}}""
""{""""id"""":3179,""""labels"""":[""""Pathway""""],""""properties"""":{""""name"""":""""SA_G1_AND_S_PHASES"""",""""database_source"""":""""Other""""}}"",""{""""id"""":1170940301162843243,""""type"""":""""HAS_ACTIVITY_IN"""",""""start"""":3179,""""end"""":1787,""""properties"""":{""""score"""":0.0}}"",""{""""id"""":1787,""""labels"""":[""""CellType""""],""""properties"""":{""""ontology_id"""":""""CL:0009004"""",""""name"""":""""retinal cell""""}}""
""{""""id"""":3194,""""labels"""":[""""Pathway""""],""""properties"""":{""""name"""":""""SA_G2_AND_M_PHASES"""",""""database_source"""":""""Other""""}}"",""{""""id"""":1164184901721787514,""""type"""":""""HAS_ACTIVITY_IN"""",""""start"""":3194,""""end"""":31,""""properties"""":{""""score"""":0.0}}"",""{""""id"""":31,""""labels"""":[""""CellType""""],""""properties"""":{""""ontology_id"""":""""CL:0000037"""",""""name"""":""""hematopoietic stem cell""""}}""
""{""""id"""":3194,""""labels"""":[""""Pathway""""],""""properties"""":{""""name"""":""""SA_G2_AND_M_PHASES"""",""""database_source"""":""""Other""""}}"",""{""""id"""":1211472697809177722,""""type"""":""""HAS_ACTIVITY_IN"""",""""start"""":3194,""""end"""":37,""""properties"""":{""""score"""":0.0}}"",""{""""id"""":37,""""labels"""":[""""CellType""""],""""properties"""":{""""ontology_id"""":""""CL:0000043"""",""""name"""":""""mature basophil""""}}""
""{""""id"""":3194,""""labels"""":[""""Pathway""""],""""properties"""":{""""name"""":""""SA_G2_AND_M_PHASES"""",""""database_source"""":""""Other""""}}"",""{""""id"""":1184451100044954746,""""type"""":""""HAS_ACTIVITY_IN"""",""""start"""":3194,""""end"""":45,""""properties"""":{""""score"""":0.0}}"",""{""""id"""":45,""""labels"""":[""""CellType""""],""""properties"""":{""""ontology_id"""":""""CL:0000057"""",""""name"""":""""fibroblast""""}}""
""{""""id"""":3194,""""labels"""":[""""Pathway""""],""""properties"""":{""""name"""":""""SA_G2_AND_M_PHASES"""",""""database_source"""":""""Other""""}}"",""{""""id"""":1188954699672325242,""""type"""":""""HAS_ACTIVITY_IN"""",""""start"""":3194,""""end"""":47,""""properties"""":{""""score"""":0.0}}"",""{""""id"""":47,""""labels"""":[""""CellType""""],""""properties"""":{""""ontology_id"""":""""CL:0000059"""",""""name"""":""""ameloblast""""}}""
""{""""id"""":3194,""""labels"""":[""""Pathway""""],""""properties"""":{""""name"""":""""SA_G2_AND_M_PHASES"""",""""database_source"""":""""Other""""}}"",""{""""id"""":1173192100976528506,""""type"""":""""HAS_ACTIVITY_IN"""",""""start"""":3194,""""end"""":53,""""properties"""":{""""score"""":0.0}}"",""{""""id"""":53,""""labels"""":[""""CellType""""],""""properties"""":{""""ontology_id"""":""""CL:0000066"""",""""name"""":""""epithelial cell""""}}""
""{""""id"""":3194,""""labels"""":[""""Pathway""""],""""properties"""":{""""name"""":""""SA_G2_AND_M_PHASES"""",""""database_source"""":""""Other""""}}"",""{""""id"""":1200213698740751482,""""type"""":""""HAS_ACTIVITY_IN"""",""""start"""":3194,""""end"""":61,""""properties"""":{""""score"""":0.0}}"",""{""""id"""":61,""""labels"""":[""""CellType""""],""""properties"""":{""""ontology_id"""":""""CL:0000077"""",""""name"""":""""mesothelial cell""""}}""
""{""""id"""":3194,""""labels"""":[""""Pathway""""],""""properties"""":{""""name"""":""""SA_G2_AND_M_PHASES"""",""""database_source"""":""""Other""""}}"",""{""""id"""":1215976297436548218,""""type"""":""""HAS_ACTIVITY_IN"""",""""start"""":3194,""""end"""":68,""""properties"""":{""""score"""":0.0}}"",""{""""id"""":68,""""labels"""":[""""CellType""""],""""properties"""":{""""ontology_id"""":""""CL:0000084"""",""""name"""":""""T cell""""}}""
""{""""id"""":3194,""""labels"""":[""""Pathway""""],""""properties"""":{""""name"""":""""SA_G2_AND_M_PHASES"""",""""database_source"""":""""Other""""}}"",""{""""id"""":1197961898927066234,""""type"""":""""HAS_ACTIVITY_IN"""",""""start"""":3194,""""end"""":74,""""properties"""":{""""score"""":0.0}}"",""{""""id"""":74,""""labels"""":[""""CellType""""],""""properties"""":{""""ontology_id"""":""""CL:0000097"""",""""name"""":""""mast cell""""}}""
""{""""id"""":3194,""""labels"""":[""""Pathway""""],""""properties"""":{""""name"""":""""SA_G2_AND_M_PHASES"""",""""database_source"""":""""Other""""}}"",""{""""id"""":6926540624942334039,""""type"""":""""HAS_ACTIVITY_IN"""",""""start"""":3194,""""end"""":87,""""properties"""":{""""score"""":0.0}}"",""{""""id"""":87,""""labels"""":[""""CellType""""],""""properties"""":{""""ontology_id"""":""""CL:0000110"""",""""name"""":""""peptidergic neuron""""}}""
""{""""id"""":3194,""""labels"""":[""""Pathway""""],""""properties"""":{""""name"""":""""SA_G2_AND_M_PHASES"""",""""database_source"""":""""Other""""}}"",""{""""id"""":1168688501349158010,""""type"""":""""HAS_ACTIVITY_IN"""",""""start"""":3194,""""end"""":91,""""properties"""":{""""score"""":0.0}}"",""{""""id"""":91,""""labels"""":[""""CellType""""],""""properties"""":{""""ontology_id"""":""""CL:0000115"""",""""name"""":""""endothelial cell""""}}""
""{""""id"""":3194,""""labels"""":[""""Pathway""""],""""properties"""":{""""name"""":""""SA_G2_AND_M_PHASES"""",""""database_source"""":""""Other""""}}"",""{""""id"""":1155177702467046522,""""type"""":""""HAS_ACTIVITY_IN"""",""""start"""":3194,""""end"""":102,""""properties"""":{""""score"""":0.0}}"",""{""""id"""":102,""""labels"""":[""""CellType""""],""""properties"""":{""""ontology_id"""":""""CL:0000127"""",""""name"""":""""astrocyte""""}}""
""{""""id"""":3194,""""labels"""":[""""Pathway""""],""""properties"""":{""""name"""":""""SA_G2_AND_M_PHASES"""",""""database_source"""":""""Other""""}}"",""{""""id"""":1209220897995492474,""""type"""":""""HAS_ACTIVITY_IN"""",""""start"""":3194,""""end"""":103,""""properties"""":{""""score"""":0.0}}"",""{""""id"""":103,""""labels"""":[""""CellType""""],""""properties"""":{""""ontology_id"""":""""CL:0000128"""",""""name"""":""""oligodendrocyte""""}}""
""{""""id"""":3194,""""labels"""":[""""Pathway""""],""""properties"""":{""""name"""":""""SA_G2_AND_M_PHASES"""",""""database_source"""":""""Other""""}}"",""{""""id"""":1231738896132344954,""""type"""":""""HAS_ACTIVITY_IN"""",""""start"""":3194,""""end"""":113,""""properties"""":{""""score"""":0.0}}"",""{""""id"""":113,""""labels"""":[""""CellType""""],""""properties"""":{""""ontology_id"""":""""CL:0000138"""",""""name"""":""""chondrocyte""""}}""
""{""""id"""":3194,""""labels"""":[""""Pathway""""],""""properties"""":{""""name"""":""""SA_G2_AND_M_PHASES"""",""""database_source"""":""""Other""""}}"",""{""""id"""":1152925902653361274,""""type"""":""""HAS_ACTIVITY_IN"""",""""start"""":3194,""""end"""":118,""""properties"""":{""""score"""":0.0}}"",""{""""id"""":118,""""labels"""":[""""CellType""""],""""properties"""":{""""ontology_id"""":""""CL:0000145"""",""""name"""":""""professional antigen presenting cell""""}}""
""{""""id"""":3194,""""labels"""":[""""Pathway""""],""""properties"""":{""""name"""":""""SA_G2_AND_M_PHASES"""",""""database_source"""":""""Other""""}}"",""{""""id"""":1224983496691289210,""""type"""":""""HAS_ACTIVITY_IN"""",""""start"""":3194,""""end"""":130,""""properties"""":{""""score"""":0.0}}"",""{""""id"""":130,""""labels"""":[""""CellType""""],""""properties"""":{""""ontology_id"""":""""CL:0000158"""",""""name"""":""""club cell""""}}""
""{""""id"""":3194,""""labels"""":[""""Pathway""""],""""properties"""":{""""name"""":""""SA_G2_AND_M_PHASES"""",""""database_source"""":""""Other""""}}"",""{""""id"""":1220479897063918714,""""type"""":""""HAS_ACTIVITY_IN"""",""""start"""":3194,""""end"""":134,""""properties"""":{""""score"""":0.0}}"",""{""""id"""":134,""""labels"""":[""""CellType""""],""""properties"""":{""""ontology_id"""":""""CL:0000163"""",""""name"""":""""endocrine cell""""}}""
""{""""id"""":3194,""""labels"""":[""""Pathway""""],""""properties"""":{""""name"""":""""SA_G2_AND_M_PHASES"""",""""database_source"""":""""Other""""}}"",""{""""id"""":1227235296504974458,""""type"""":""""HAS_ACTIVITY_IN"""",""""start"""":3194,""""end"""":152,""""properties"""":{""""score"""":0.0}}"",""{""""id"""":152,""""labels"""":[""""CellType""""],""""properties"""":{""""ontology_id"""":""""CL:0000182"""",""""name"""":""""hepatocyte""""}}""
""{""""id"""":3194,""""labels"""":[""""Pathway""""],""""properties"""":{""""name"""":""""SA_G2_AND_M_PHASES"""",""""database_source"""":""""Other""""}}"",""{""""id"""":1222731696877603962,""""type"""":""""HAS_ACTIVITY_IN"""",""""start"""":3194,""""end"""":157,""""properties"""":{""""score"""":0.0}}"",""{""""id"""":157,""""labels"""":[""""CellType""""],""""properties"""":{""""ontology_id"""":""""CL:0000188"""",""""name"""":""""cell of skeletal muscle""""}}""
""{""""id"""":3194,""""labels"""":[""""Pathway""""],""""properties"""":{""""name"""":""""SA_G2_AND_M_PHASES"""",""""database_source"""":""""Other""""}}"",""{""""id"""":1191206499486010490,""""type"""":""""HAS_ACTIVITY_IN"""",""""start"""":3194,""""end"""":160,""""properties"""":{""""score"""":0.0}}"",""{""""id"""":160,""""labels"""":[""""CellType""""],""""properties"""":{""""ontology_id"""":""""CL:0000192"""",""""name"""":""""smooth muscle cell""""}}""
""{""""id"""":3194,""""labels"""":[""""Pathway""""],""""properties"""":{""""name"""":""""SA_G2_AND_M_PHASES"""",""""database_source"""":""""Other""""}}"",""{""""id"""":1195710099113380986,""""type"""":""""HAS_ACTIVITY_IN"""",""""start"""":3194,""""end"""":191,""""properties"""":{""""score"""":0.0}}"",""{""""id"""":191,""""labels"""":[""""CellType""""],""""properties"""":{""""ontology_id"""":""""CL:0000235"""",""""name"""":""""macrophage""""}}""
""{""""id"""":3194,""""labels"""":[""""Pathway""""],""""properties"""":{""""name"""":""""SA_G2_AND_M_PHASES"""",""""database_source"""":""""Other""""}}"",""{""""id"""":1157429502280731770,""""type"""":""""HAS_ACTIVITY_IN"""",""""start"""":3194,""""end"""":192,""""properties"""":{""""score"""":0.0}}"",""{""""id"""":192,""""labels"""":[""""CellType""""],""""properties"""":{""""ontology_id"""":""""CL:0000236"""",""""name"""":""""B cell""""}}""
""{""""id"""":3194,""""labels"""":[""""Pathway""""],""""properties"""":{""""name"""":""""SA_G2_AND_M_PHASES"""",""""database_source"""":""""Other""""}}"",""{""""id"""":1166436701535472762,""""type"""":""""HAS_ACTIVITY_IN"""",""""start"""":3194,""""end"""":328,""""properties"""":{""""score"""":0.0}}"",""{""""id"""":328,""""labels"""":[""""CellType""""],""""properties"""":{""""ontology_id"""":""""CL:0000451"""",""""name"""":""""dendritic cell""""}}""
""{""""id"""":3194,""""labels"""":[""""Pathway""""],""""properties"""":{""""name"""":""""SA_G2_AND_M_PHASES"""",""""database_source"""":""""Other""""}}"",""{""""id"""":1179947500417584250,""""type"""":""""HAS_ACTIVITY_IN"""",""""start"""":3194,""""end"""":402,""""properties"""":{""""score"""":0.0}}"",""{""""id"""":402,""""labels"""":[""""CellType""""],""""properties"""":{""""ontology_id"""":""""CL:0000540"""",""""name"""":""""neuron""""}}""
""{""""id"""":3194,""""labels"""":[""""Pathway""""],""""properties"""":{""""name"""":""""SA_G2_AND_M_PHASES"""",""""database_source"""":""""Other""""}}"",""{""""id"""":1202465498554436730,""""type"""":""""HAS_ACTIVITY_IN"""",""""start"""":3194,""""end"""":434,""""properties"""":{""""score"""":0.0}}"",""{""""id"""":434,""""labels"""":[""""CellType""""],""""properties"""":{""""ontology_id"""":""""CL:0000576"""",""""name"""":""""monocyte""""}}""
""{""""id"""":3194,""""labels"""":[""""Pathway""""],""""properties"""":{""""name"""":""""SA_G2_AND_M_PHASES"""",""""database_source"""":""""Other""""}}"",""{""""id"""":1218228097250233466,""""type"""":""""HAS_ACTIVITY_IN"""",""""start"""":3194,""""end"""":442,""""properties"""":{""""score"""":0.0}}"",""{""""id"""":442,""""labels"""":[""""CellType""""],""""properties"""":{""""ontology_id"""":""""CL:0000584"""",""""name"""":""""enterocyte""""}}""
""{""""id"""":3194,""""labels"""":[""""Pathway""""],""""properties"""":{""""name"""":""""SA_G2_AND_M_PHASES"""",""""database_source"""":""""Other""""}}"",""{""""id"""":6926540624942334428,""""type"""":""""HAS_ACTIVITY_IN"""",""""start"""":3194,""""end"""":476,""""properties"""":{""""score"""":0.0}}"",""{""""id"""":476,""""labels"""":[""""CellType""""],""""properties"""":{""""ontology_id"""":""""CL:0000622"""",""""name"""":""""acinar cell""""}}""
""{""""id"""":3194,""""labels"""":[""""Pathway""""],""""properties"""":{""""name"""":""""SA_G2_AND_M_PHASES"""",""""database_source"""":""""Other""""}}"",""{""""id"""":1161933101908102266,""""type"""":""""HAS_ACTIVITY_IN"""",""""start"""":3194,""""end"""":477,""""properties"""":{""""score"""":0.0}}"",""{""""id"""":477,""""labels"""":[""""CellType""""],""""properties"""":{""""ontology_id"""":""""CL:0000623"""",""""name"""":""""natural killer cell""""}}""
""{""""id"""":3194,""""labels"""":[""""Pathway""""],""""properties"""":{""""name"""":""""SA_G2_AND_M_PHASES"""",""""database_source"""":""""Other""""}}"",""{""""id"""":6926540624942334475,""""type"""":""""HAS_ACTIVITY_IN"""",""""start"""":3194,""""end"""":523,""""properties"""":{""""score"""":0.0}}"",""{""""id"""":523,""""labels"""":[""""CellType""""],""""properties"""":{""""ontology_id"""":""""CL:0000678"""",""""name"""":""""commissural neuron""""}}""
""{""""id"""":3194,""""labels"""":[""""Pathway""""],""""properties"""":{""""name"""":""""SA_G2_AND_M_PHASES"""",""""database_source"""":""""Other""""}}"",""{""""id"""":6926540624942334533,""""type"""":""""HAS_ACTIVITY_IN"""",""""start"""":3194,""""end"""":581,""""properties"""":{""""score"""":0.0}}"",""{""""id"""":581,""""labels"""":[""""CellType""""],""""properties"""":{""""ontology_id"""":""""CL:0000746"""",""""name"""":""""cardiac muscle cell""""}}""
""{""""id"""":3194,""""labels"""":[""""Pathway""""],""""properties"""":{""""name"""":""""SA_G2_AND_M_PHASES"""",""""database_source"""":""""Other""""}}"",""{""""id"""":1204717298368121978,""""type"""":""""HAS_ACTIVITY_IN"""",""""start"""":3194,""""end"""":598,""""properties"""":{""""score"""":0.0}}"",""{""""id"""":598,""""labels"""":[""""CellType""""],""""properties"""":{""""ontology_id"""":""""CL:0000763"""",""""name"""":""""myeloid cell""""}}""
""{""""id"""":3194,""""labels"""":[""""Pathway""""],""""properties"""":{""""name"""":""""SA_G2_AND_M_PHASES"""",""""database_source"""":""""Other""""}}"",""{""""id"""":1175443900790213754,""""type"""":""""HAS_ACTIVITY_IN"""",""""start"""":3194,""""end"""":600,""""properties"""":{""""score"""":0.0}}"",""{""""id"""":600,""""labels"""":[""""CellType""""],""""properties"""":{""""ontology_id"""":""""CL:0000765"""",""""name"""":""""erythroblast""""}}""
""{""""id"""":3194,""""labels"""":[""""Pathway""""],""""properties"""":{""""name"""":""""SA_G2_AND_M_PHASES"""",""""database_source"""":""""Other""""}}"",""{""""id"""":1206969098181807226,""""type"""":""""HAS_ACTIVITY_IN"""",""""start"""":3194,""""end"""":610,""""properties"""":{""""score"""":0.0}}"",""{""""id"""":610,""""labels"""":[""""CellType""""],""""properties"""":{""""ontology_id"""":""""CL:0000775"""",""""name"""":""""neutrophil""""}}""
""{""""id"""":3194,""""labels"""":[""""Pathway""""],""""properties"""":{""""name"""":""""SA_G2_AND_M_PHASES"""",""""database_source"""":""""Other""""}}"",""{""""id"""":1159681302094417018,""""type"""":""""HAS_ACTIVITY_IN"""",""""start"""":3194,""""end"""":621,""""properties"""":{""""score"""":0.0}}"",""{""""id"""":621,""""labels"""":[""""CellType""""],""""properties"""":{""""ontology_id"""":""""CL:0000786"""",""""name"""":""""plasma cell""""}}""
""{""""id"""":3194,""""labels"""":[""""Pathway""""],""""properties"""":{""""name"""":""""SA_G2_AND_M_PHASES"""",""""database_source"""":""""Other""""}}"",""{""""id"""":6926540624942334586,""""type"""":""""HAS_ACTIVITY_IN"""",""""start"""":3194,""""end"""":634,""""properties"""":{""""score"""":0.0}}"",""{""""id"""":634,""""labels"""":[""""CellType""""],""""properties"""":{""""ontology_id"""":""""CL:0000799"""",""""name"""":""""immature gamma-delta T cell""""}}""
""{""""id"""":3194,""""labels"""":[""""Pathway""""],""""properties"""":{""""name"""":""""SA_G2_AND_M_PHASES"""",""""database_source"""":""""Other""""}}"",""{""""id"""":1193458299299695738,""""type"""":""""HAS_ACTIVITY_IN"""",""""start"""":3194,""""end"""":695,""""properties"""":{""""score"""":0.0}}"",""{""""id"""":695,""""labels"""":[""""CellType""""],""""properties"""":{""""ontology_id"""":""""CL:0000863"""",""""name"""":""""inflammatory macrophage""""}}""
""{""""id"""":3194,""""labels"""":[""""Pathway""""],""""properties"""":{""""name"""":""""SA_G2_AND_M_PHASES"""",""""database_source"""":""""Other""""}}"",""{""""id"""":6926540624942334934,""""type"""":""""HAS_ACTIVITY_IN"""",""""start"""":3194,""""end"""":982,""""properties"""":{""""score"""":0.0}}"",""{""""id"""":982,""""labels"""":[""""CellType""""],""""properties"""":{""""ontology_id"""":""""CL:0002063"""",""""name"""":""""pulmonary alveolar type 2 cell""""}}""
""{""""id"""":3194,""""labels"""":[""""Pathway""""],""""properties"""":{""""name"""":""""SA_G2_AND_M_PHASES"""",""""database_source"""":""""Other""""}}"",""{""""id"""":1177695700603899002,""""type"""":""""HAS_ACTIVITY_IN"""",""""start"""":3194,""""end"""":1018,""""properties"""":{""""score"""":0.0}}"",""{""""id"""":1018,""""labels"""":[""""CellType""""],""""properties"""":{""""ontology_id"""":""""CL:0002100"""",""""name"""":""""regular interventricular cardiac myocyte""""}}""
""{""""id"""":3194,""""labels"""":[""""Pathway""""],""""properties"""":{""""name"""":""""SA_G2_AND_M_PHASES"""",""""database_source"""":""""Other""""}}"",""{""""id"""":1213724497622862970,""""type"""":""""HAS_ACTIVITY_IN"""",""""start"""":3194,""""end"""":1064,""""properties"""":{""""score"""":0.0}}"",""{""""id"""":1064,""""labels"""":[""""CellType""""],""""properties"""":{""""ontology_id"""":""""CL:0002146"""",""""name"""":""""clear cell of eccrine sweat gland""""}}""
""{""""id"""":3194,""""labels"""":[""""Pathway""""],""""properties"""":{""""name"""":""""SA_G2_AND_M_PHASES"""",""""database_source"""":""""Other""""}}"",""{""""id"""":6926540624942335021,""""type"""":""""HAS_ACTIVITY_IN"""",""""start"""":3194,""""end"""":1069,""""properties"""":{""""score"""":0.0}}"",""{""""id"""":1069,""""labels"""":[""""CellType""""],""""properties"""":{""""ontology_id"""":""""CL:0002151"""",""""name"""":""""late promyelocyte""""}}""
""{""""id"""":3194,""""labels"""":[""""Pathway""""],""""properties"""":{""""name"""":""""SA_G2_AND_M_PHASES"""",""""database_source"""":""""Other""""}}"",""{""""id"""":1182199300231269498,""""type"""":""""HAS_ACTIVITY_IN"""",""""start"""":3194,""""end"""":1138,""""properties"""":{""""score"""":0.0}}"",""{""""id"""":1138,""""labels"""":[""""CellType""""],""""properties"""":{""""ontology_id"""":""""CL:0002224"""",""""name"""":""""lens epithelial cell""""}}""
""{""""id"""":3194,""""labels"""":[""""Pathway""""],""""properties"""":{""""name"""":""""SA_G2_AND_M_PHASES"""",""""database_source"""":""""Other""""}}"",""{""""id"""":1186702899858639994,""""type"""":""""HAS_ACTIVITY_IN"""",""""start"""":3194,""""end"""":1230,""""properties"""":{""""score"""":0.0}}"",""{""""id"""":1230,""""labels"""":[""""CellType""""],""""properties"""":{""""ontology_id"""":""""CL:0002319"""",""""name"""":""""neural cell""""}}""
""{""""id"""":3194,""""labels"""":[""""Pathway""""],""""properties"""":{""""name"""":""""SA_G2_AND_M_PHASES"""",""""database_source"""":""""Other""""}}"",""{""""id"""":1229487096318659706,""""type"""":""""HAS_ACTIVITY_IN"""",""""start"""":3194,""""end"""":1233,""""properties"""":{""""score"""":0.0}}"",""{""""id"""":1233,""""labels"""":[""""CellType""""],""""properties"""":{""""ontology_id"""":""""CL:0002322"""",""""name"""":""""embryonic stem cell""""}}""
""{""""id"""":3194,""""labels"""":[""""Pathway""""],""""properties"""":{""""name"""":""""SA_G2_AND_M_PHASES"""",""""database_source"""":""""Other""""}}"",""{""""id"""":1170940301162843258,""""type"""":""""HAS_ACTIVITY_IN"""",""""start"""":3194,""""end"""":1787,""""properties"""":{""""score"""":0.0}}"",""{""""id"""":1787,""""labels"""":[""""CellType""""],""""properties"""":{""""ontology_id"""":""""CL:0009004"""",""""name"""":""""retinal cell""""}}""
""{""""id"""":3202,""""labels"""":[""""Pathway""""],""""properties"""":{""""name"""":""""SA_MMP_CYTOKINE_CONNECTION"""",""""database_source"""":""""Other""""}}"",""{""""id"""":1164184901721787522,""""type"""":""""HAS_ACTIVITY_IN"""",""""start"""":3202,""""end"""":31,""""properties"""":{""""score"""":0.0}}"",""{""""id"""":31,""""labels"""":[""""CellType""""],""""properties"""":{""""ontology_id"""":""""CL:0000037"""",""""name"""":""""hematopoietic stem cell""""}}""
""{""""id"""":3202,""""labels"""":[""""Pathway""""],""""properties"""":{""""name"""":""""SA_MMP_CYTOKINE_CONNECTION"""",""""database_source"""":""""Other""""}}"",""{""""id"""":1211472697809177730,""""type"""":""""HAS_ACTIVITY_IN"""",""""start"""":3202,""""end"""":37,""""properties"""":{""""score"""":0.0}}"",""{""""id"""":37,""""labels"""":[""""CellType""""],""""properties"""":{""""ontology_id"""":""""CL:0000043"""",""""name"""":""""mature basophil""""}}""
""{""""id"""":3202,""""labels"""":[""""Pathway""""],""""properties"""":{""""name"""":""""SA_MMP_CYTOKINE_CONNECTION"""",""""database_source"""":""""Other""""}}"",""{""""id"""":1184451100044954754,""""type"""":""""HAS_ACTIVITY_IN"""",""""start"""":3202,""""end"""":45,""""properties"""":{""""score"""":0.0}}"",""{""""id"""":45,""""labels"""":[""""CellType""""],""""properties"""":{""""ontology_id"""":""""CL:0000057"""",""""name"""":""""fibroblast""""}}""
""{""""id"""":3202,""""labels"""":[""""Pathway""""],""""properties"""":{""""name"""":""""SA_MMP_CYTOKINE_CONNECTION"""",""""database_source"""":""""Other""""}}"",""{""""id"""":1188954699672325250,""""type"""":""""HAS_ACTIVITY_IN"""",""""start"""":3202,""""end"""":47,""""properties"""":{""""score"""":0.0}}"",""{""""id"""":47,""""labels"""":[""""CellType""""],""""properties"""":{""""ontology_id"""":""""CL:0000059"""",""""name"""":""""ameloblast""""}}""
""{""""id"""":3202,""""labels"""":[""""Pathway""""],""""properties"""":{""""name"""":""""SA_MMP_CYTOKINE_CONNECTION"""",""""database_source"""":""""Other""""}}"",""{""""id"""":1173192100976528514,""""type"""":""""HAS_ACTIVITY_IN"""",""""start"""":3202,""""end"""":53,""""properties"""":{""""score"""":0.0}}"",""{""""id"""":53,""""labels"""":[""""CellType""""],""""properties"""":{""""ontology_id"""":""""CL:0000066"""",""""name"""":""""epithelial cell""""}}""
""{""""id"""":3202,""""labels"""":[""""Pathway""""],""""properties"""":{""""name"""":""""SA_MMP_CYTOKINE_CONNECTION"""",""""database_source"""":""""Other""""}}"",""{""""id"""":1200213698740751490,""""type"""":""""HAS_ACTIVITY_IN"""",""""start"""":3202,""""end"""":61,""""properties"""":{""""score"""":0.0}}"",""{""""id"""":61,""""labels"""":[""""CellType""""],""""properties"""":{""""ontology_id"""":""""CL:0000077"""",""""name"""":""""mesothelial cell""""}}""
""{""""id"""":3202,""""labels"""":[""""Pathway""""],""""properties"""":{""""name"""":""""SA_MMP_CYTOKINE_CONNECTION"""",""""database_source"""":""""Other""""}}"",""{""""id"""":1215976297436548226,""""type"""":""""HAS_ACTIVITY_IN"""",""""start"""":3202,""""end"""":68,""""properties"""":{""""score"""":0.0}}"",""{""""id"""":68,""""labels"""":[""""CellType""""],""""properties"""":{""""ontology_id"""":""""CL:0000084"""",""""name"""":""""T cell""""}}""
""{""""id"""":3202,""""labels"""":[""""Pathway""""],""""properties"""":{""""name"""":""""SA_MMP_CYTOKINE_CONNECTION"""",""""database_source"""":""""Other""""}}"",""{""""id"""":1197961898927066242,""""type"""":""""HAS_ACTIVITY_IN"""",""""start"""":3202,""""end"""":74,""""properties"""":{""""score"""":0.0}}"",""{""""id"""":74,""""labels"""":[""""CellType""""],""""properties"""":{""""ontology_id"""":""""CL:0000097"""",""""name"""":""""mast cell""""}}""
""{""""id"""":3202,""""labels"""":[""""Pathway""""],""""properties"""":{""""name"""":""""SA_MMP_CYTOKINE_CONNECTION"""",""""database_source"""":""""Other""""}}"",""{""""id"""":6928792424756019287,""""type"""":""""HAS_ACTIVITY_IN"""",""""start"""":3202,""""end"""":87,""""properties"""":{""""score"""":0.0}}"",""{""""id"""":87,""""labels"""":[""""CellType""""],""""properties"""":{""""ontology_id"""":""""CL:0000110"""",""""name"""":""""peptidergic neuron""""}}""
""{""""id"""":3202,""""labels"""":[""""Pathway""""],""""properties"""":{""""name"""":""""SA_MMP_CYTOKINE_CONNECTION"""",""""database_source"""":""""Other""""}}"",""{""""id"""":1168688501349158018,""""type"""":""""HAS_ACTIVITY_IN"""",""""start"""":3202,""""end"""":91,""""properties"""":{""""score"""":0.0}}"",""{""""id"""":91,""""labels"""":[""""CellType""""],""""properties"""":{""""ontology_id"""":""""CL:0000115"""",""""name"""":""""endothelial cell""""}}""
""{""""id"""":3202,""""labels"""":[""""Pathway""""],""""properties"""":{""""name"""":""""SA_MMP_CYTOKINE_CONNECTION"""",""""database_source"""":""""Other""""}}"",""{""""id"""":1155177702467046530,""""type"""":""""HAS_ACTIVITY_IN"""",""""start"""":3202,""""end"""":102,""""properties"""":{""""score"""":0.0}}"",""{""""id"""":102,""""labels"""":[""""CellType""""],""""properties"""":{""""ontology_id"""":""""CL:0000127"""",""""name"""":""""astrocyte""""}}""
""{""""id"""":3202,""""labels"""":[""""Pathway""""],""""properties"""":{""""name"""":""""SA_MMP_CYTOKINE_CONNECTION"""",""""database_source"""":""""Other""""}}"",""{""""id"""":1209220897995492482,""""type"""":""""HAS_ACTIVITY_IN"""",""""start"""":3202,""""end"""":103,""""properties"""":{""""score"""":0.0}}"",""{""""id"""":103,""""labels"""":[""""CellType""""],""""properties"""":{""""ontology_id"""":""""CL:0000128"""",""""name"""":""""oligodendrocyte""""}}""
""{""""id"""":3202,""""labels"""":[""""Pathway""""],""""properties"""":{""""name"""":""""SA_MMP_CYTOKINE_CONNECTION"""",""""database_source"""":""""Other""""}}"",""{""""id"""":1231738896132344962,""""type"""":""""HAS_ACTIVITY_IN"""",""""start"""":3202,""""end"""":113,""""properties"""":{""""score"""":0.0}}"",""{""""id"""":113,""""labels"""":[""""CellType""""],""""properties"""":{""""ontology_id"""":""""CL:0000138"""",""""name"""":""""chondrocyte""""}}""
""{""""id"""":3202,""""labels"""":[""""Pathway""""],""""properties"""":{""""name"""":""""SA_MMP_CYTOKINE_CONNECTION"""",""""database_source"""":""""Other""""}}"",""{""""id"""":1152925902653361282,""""type"""":""""HAS_ACTIVITY_IN"""",""""start"""":3202,""""end"""":118,""""properties"""":{""""score"""":0.0}}"",""{""""id"""":118,""""labels"""":[""""CellType""""],""""properties"""":{""""ontology_id"""":""""CL:0000145"""",""""name"""":""""professional antigen presenting cell""""}}""
""{""""id"""":3202,""""labels"""":[""""Pathway""""],""""properties"""":{""""name"""":""""SA_MMP_CYTOKINE_CONNECTION"""",""""database_source"""":""""Other""""}}"",""{""""id"""":1224983496691289218,""""type"""":""""HAS_ACTIVITY_IN"""",""""start"""":3202,""""end"""":130,""""properties"""":{""""score"""":0.0}}"",""{""""id"""":130,""""labels"""":[""""CellType""""],""""properties"""":{""""ontology_id"""":""""CL:0000158"""",""""name"""":""""club cell""""}}""
""{""""id"""":3202,""""labels"""":[""""Pathway""""],""""properties"""":{""""name"""":""""SA_MMP_CYTOKINE_CONNECTION"""",""""database_source"""":""""Other""""}}"",""{""""id"""":1220479897063918722,""""type"""":""""HAS_ACTIVITY_IN"""",""""start"""":3202,""""end"""":134,""""properties"""":{""""score"""":0.0}}"",""{""""id"""":134,""""labels"""":[""""CellType""""],""""properties"""":{""""ontology_id"""":""""CL:0000163"""",""""name"""":""""endocrine cell""""}}""
""{""""id"""":3202,""""labels"""":[""""Pathway""""],""""properties"""":{""""name"""":""""SA_MMP_CYTOKINE_CONNECTION"""",""""database_source"""":""""Other""""}}"",""{""""id"""":1227235296504974466,""""type"""":""""HAS_ACTIVITY_IN"""",""""start"""":3202,""""end"""":152,""""properties"""":{""""score"""":0.0}}"",""{""""id"""":152,""""labels"""":[""""CellType""""],""""properties"""":{""""ontology_id"""":""""CL:0000182"""",""""name"""":""""hepatocyte""""}}""
""{""""id"""":3202,""""labels"""":[""""Pathway""""],""""properties"""":{""""name"""":""""SA_MMP_CYTOKINE_CONNECTION"""",""""database_source"""":""""Other""""}}"",""{""""id"""":1222731696877603970,""""type"""":""""HAS_ACTIVITY_IN"""",""""start"""":3202,""""end"""":157,""""properties"""":{""""score"""":0.0}}"",""{""""id"""":157,""""labels"""":[""""CellType""""],""""properties"""":{""""ontology_id"""":""""CL:0000188"""",""""name"""":""""cell of skeletal muscle""""}}""
""{""""id"""":3202,""""labels"""":[""""Pathway""""],""""properties"""":{""""name"""":""""SA_MMP_CYTOKINE_CONNECTION"""",""""database_source"""":""""Other""""}}"",""{""""id"""":1191206499486010498,""""type"""":""""HAS_ACTIVITY_IN"""",""""start"""":3202,""""end"""":160,""""properties"""":{""""score"""":0.0}}"",""{""""id"""":160,""""labels"""":[""""CellType""""],""""properties"""":{""""ontology_id"""":""""CL:0000192"""",""""name"""":""""smooth muscle cell""""}}""
""{""""id"""":3202,""""labels"""":[""""Pathway""""],""""properties"""":{""""name"""":""""SA_MMP_CYTOKINE_CONNECTION"""",""""database_source"""":""""Other""""}}"",""{""""id"""":1195710099113380994,""""type"""":""""HAS_ACTIVITY_IN"""",""""start"""":3202,""""end"""":191,""""properties"""":{""""score"""":0.0}}"",""{""""id"""":191,""""labels"""":[""""CellType""""],""""properties"""":{""""ontology_id"""":""""CL:0000235"""",""""name"""":""""macrophage""""}}""
""{""""id"""":3202,""""labels"""":[""""Pathway""""],""""properties"""":{""""name"""":""""SA_MMP_CYTOKINE_CONNECTION"""",""""database_source"""":""""Other""""}}"",""{""""id"""":1157429502280731778,""""type"""":""""HAS_ACTIVITY_IN"""",""""start"""":3202,""""end"""":192,""""properties"""":{""""score"""":0.0}}"",""{""""id"""":192,""""labels"""":[""""CellType""""],""""properties"""":{""""ontology_id"""":""""CL:0000236"""",""""name"""":""""B cell""""}}""
""{""""id"""":3202,""""labels"""":[""""Pathway""""],""""properties"""":{""""name"""":""""SA_MMP_CYTOKINE_CONNECTION"""",""""database_source"""":""""Other""""}}"",""{""""id"""":1166436701535472770,""""type"""":""""HAS_ACTIVITY_IN"""",""""start"""":3202,""""end"""":328,""""properties"""":{""""score"""":0.0}}"",""{""""id"""":328,""""labels"""":[""""CellType""""],""""properties"""":{""""ontology_id"""":""""CL:0000451"""",""""name"""":""""dendritic cell""""}}""
""{""""id"""":3202,""""labels"""":[""""Pathway""""],""""properties"""":{""""name"""":""""SA_MMP_CYTOKINE_CONNECTION"""",""""database_source"""":""""Other""""}}"",""{""""id"""":1179947500417584258,""""type"""":""""HAS_ACTIVITY_IN"""",""""start"""":3202,""""end"""":402,""""properties"""":{""""score"""":0.0}}"",""{""""id"""":402,""""labels"""":[""""CellType""""],""""properties"""":{""""ontology_id"""":""""CL:0000540"""",""""name"""":""""neuron""""}}""
""{""""id"""":3202,""""labels"""":[""""Pathway""""],""""properties"""":{""""name"""":""""SA_MMP_CYTOKINE_CONNECTION"""",""""database_source"""":""""Other""""}}"",""{""""id"""":1202465498554436738,""""type"""":""""HAS_ACTIVITY_IN"""",""""start"""":3202,""""end"""":434,""""properties"""":{""""score"""":0.0}}"",""{""""id"""":434,""""labels"""":[""""CellType""""],""""properties"""":{""""ontology_id"""":""""CL:0000576"""",""""name"""":""""monocyte""""}}""
""{""""id"""":3202,""""labels"""":[""""Pathway""""],""""properties"""":{""""name"""":""""SA_MMP_CYTOKINE_CONNECTION"""",""""database_source"""":""""Other""""}}"",""{""""id"""":1218228097250233474,""""type"""":""""HAS_ACTIVITY_IN"""",""""start"""":3202,""""end"""":442,""""properties"""":{""""score"""":0.0}}"",""{""""id"""":442,""""labels"""":[""""CellType""""],""""properties"""":{""""ontology_id"""":""""CL:0000584"""",""""name"""":""""enterocyte""""}}""
""{""""id"""":3202,""""labels"""":[""""Pathway""""],""""properties"""":{""""name"""":""""SA_MMP_CYTOKINE_CONNECTION"""",""""database_source"""":""""Other""""}}"",""{""""id"""":6928792424756019676,""""type"""":""""HAS_ACTIVITY_IN"""",""""start"""":3202,""""end"""":476,""""properties"""":{""""score"""":0.0}}"",""{""""id"""":476,""""labels"""":[""""CellType""""],""""properties"""":{""""ontology_id"""":""""CL:0000622"""",""""name"""":""""acinar cell""""}}""
""{""""id"""":3202,""""labels"""":[""""Pathway""""],""""properties"""":{""""name"""":""""SA_MMP_CYTOKINE_CONNECTION"""",""""database_source"""":""""Other""""}}"",""{""""id"""":1161933101908102274,""""type"""":""""HAS_ACTIVITY_IN"""",""""start"""":3202,""""end"""":477,""""properties"""":{""""score"""":0.0}}"",""{""""id"""":477,""""labels"""":[""""CellType""""],""""properties"""":{""""ontology_id"""":""""CL:0000623"""",""""name"""":""""natural killer cell""""}}""
""{""""id"""":3202,""""labels"""":[""""Pathway""""],""""properties"""":{""""name"""":""""SA_MMP_CYTOKINE_CONNECTION"""",""""database_source"""":""""Other""""}}"",""{""""id"""":6928792424756019723,""""type"""":""""HAS_ACTIVITY_IN"""",""""start"""":3202,""""end"""":523,""""properties"""":{""""score"""":0.0}}"",""{""""id"""":523,""""labels"""":[""""CellType""""],""""properties"""":{""""ontology_id"""":""""CL:0000678"""",""""name"""":""""commissural neuron""""}}""
""{""""id"""":3202,""""labels"""":[""""Pathway""""],""""properties"""":{""""name"""":""""SA_MMP_CYTOKINE_CONNECTION"""",""""database_source"""":""""Other""""}}"",""{""""id"""":6928792424756019781,""""type"""":""""HAS_ACTIVITY_IN"""",""""start"""":3202,""""end"""":581,""""properties"""":{""""score"""":0.0}}"",""{""""id"""":581,""""labels"""":[""""CellType""""],""""properties"""":{""""ontology_id"""":""""CL:0000746"""",""""name"""":""""cardiac muscle cell""""}}""
""{""""id"""":3202,""""labels"""":[""""Pathway""""],""""properties"""":{""""name"""":""""SA_MMP_CYTOKINE_CONNECTION"""",""""database_source"""":""""Other""""}}"",""{""""id"""":1204717298368121986,""""type"""":""""HAS_ACTIVITY_IN"""",""""start"""":3202,""""end"""":598,""""properties"""":{""""score"""":0.0}}"",""{""""id"""":598,""""labels"""":[""""CellType""""],""""properties"""":{""""ontology_id"""":""""CL:0000763"""",""""name"""":""""myeloid cell""""}}""
""{""""id"""":3202,""""labels"""":[""""Pathway""""],""""properties"""":{""""name"""":""""SA_MMP_CYTOKINE_CONNECTION"""",""""database_source"""":""""Other""""}}"",""{""""id"""":1175443900790213762,""""type"""":""""HAS_ACTIVITY_IN"""",""""start"""":3202,""""end"""":600,""""properties"""":{""""score"""":0.0}}"",""{""""id"""":600,""""labels"""":[""""CellType""""],""""properties"""":{""""ontology_id"""":""""CL:0000765"""",""""name"""":""""erythroblast""""}}""
""{""""id"""":3202,""""labels"""":[""""Pathway""""],""""properties"""":{""""name"""":""""SA_MMP_CYTOKINE_CONNECTION"""",""""database_source"""":""""Other""""}}"",""{""""id"""":1206969098181807234,""""type"""":""""HAS_ACTIVITY_IN"""",""""start"""":3202,""""end"""":610,""""properties"""":{""""score"""":0.0}}"",""{""""id"""":610,""""labels"""":[""""CellType""""],""""properties"""":{""""ontology_id"""":""""CL:0000775"""",""""name"""":""""neutrophil""""}}""
""{""""id"""":3202,""""labels"""":[""""Pathway""""],""""properties"""":{""""name"""":""""SA_MMP_CYTOKINE_CONNECTION"""",""""database_source"""":""""Other""""}}"",""{""""id"""":1159681302094417026,""""type"""":""""HAS_ACTIVITY_IN"""",""""start"""":3202,""""end"""":621,""""properties"""":{""""score"""":0.0}}"",""{""""id"""":621,""""labels"""":[""""CellType""""],""""properties"""":{""""ontology_id"""":""""CL:0000786"""",""""name"""":""""plasma cell""""}}""
""{""""id"""":3202,""""labels"""":[""""Pathway""""],""""properties"""":{""""name"""":""""SA_MMP_CYTOKINE_CONNECTION"""",""""database_source"""":""""Other""""}}"",""{""""id"""":6928792424756019834,""""type"""":""""HAS_ACTIVITY_IN"""",""""start"""":3202,""""end"""":634,""""properties"""":{""""score"""":0.0}}"",""{""""id"""":634,""""labels"""":[""""CellType""""],""""properties"""":{""""ontology_id"""":""""CL:0000799"""",""""name"""":""""immature gamma-delta T cell""""}}""
""{""""id"""":3202,""""labels"""":[""""Pathway""""],""""properties"""":{""""name"""":""""SA_MMP_CYTOKINE_CONNECTION"""",""""database_source"""":""""Other""""}}"",""{""""id"""":1193458299299695746,""""type"""":""""HAS_ACTIVITY_IN"""",""""start"""":3202,""""end"""":695,""""properties"""":{""""score"""":0.0}}"",""{""""id"""":695,""""labels"""":[""""CellType""""],""""properties"""":{""""ontology_id"""":""""CL:0000863"""",""""name"""":""""inflammatory macrophage""""}}""
""{""""id"""":3202,""""labels"""":[""""Pathway""""],""""properties"""":{""""name"""":""""SA_MMP_CYTOKINE_CONNECTION"""",""""database_source"""":""""Other""""}}"",""{""""id"""":6928792424756020182,""""type"""":""""HAS_ACTIVITY_IN"""",""""start"""":3202,""""end"""":982,""""properties"""":{""""score"""":0.0}}"",""{""""id"""":982,""""labels"""":[""""CellType""""],""""properties"""":{""""ontology_id"""":""""CL:0002063"""",""""name"""":""""pulmonary alveolar type 2 cell""""}}""
""{""""id"""":3202,""""labels"""":[""""Pathway""""],""""properties"""":{""""name"""":""""SA_MMP_CYTOKINE_CONNECTION"""",""""database_source"""":""""Other""""}}"",""{""""id"""":1177695700603899010,""""type"""":""""HAS_ACTIVITY_IN"""",""""start"""":3202,""""end"""":1018,""""properties"""":{""""score"""":0.0}}"",""{""""id"""":1018,""""labels"""":[""""CellType""""],""""properties"""":{""""ontology_id"""":""""CL:0002100"""",""""name"""":""""regular interventricular cardiac myocyte""""}}""
""{""""id"""":3202,""""labels"""":[""""Pathway""""],""""properties"""":{""""name"""":""""SA_MMP_CYTOKINE_CONNECTION"""",""""database_source"""":""""Other""""}}"",""{""""id"""":1213724497622862978,""""type"""":""""HAS_ACTIVITY_IN"""",""""start"""":3202,""""end"""":1064,""""properties"""":{""""score"""":0.0}}"",""{""""id"""":1064,""""labels"""":[""""CellType""""],""""properties"""":{""""ontology_id"""":""""CL:0002146"""",""""name"""":""""clear cell of eccrine sweat gland""""}}""
""{""""id"""":3202,""""labels"""":[""""Pathway""""],""""properties"""":{""""name"""":""""SA_MMP_CYTOKINE_CONNECTION"""",""""database_source"""":""""Other""""}}"",""{""""id"""":6928792424756020269,""""type"""":""""HAS_ACTIVITY_IN"""",""""start"""":3202,""""end"""":1069,""""properties"""":{""""score"""":0.0}}"",""{""""id"""":1069,""""labels"""":[""""CellType""""],""""properties"""":{""""ontology_id"""":""""CL:0002151"""",""""name"""":""""late promyelocyte""""}}""
""{""""id"""":3202,""""labels"""":[""""Pathway""""],""""properties"""":{""""name"""":""""SA_MMP_CYTOKINE_CONNECTION"""",""""database_source"""":""""Other""""}}"",""{""""id"""":1182199300231269506,""""type"""":""""HAS_ACTIVITY_IN"""",""""start"""":3202,""""end"""":1138,""""properties"""":{""""score"""":0.0}}"",""{""""id"""":1138,""""labels"""":[""""CellType""""],""""properties"""":{""""ontology_id"""":""""CL:0002224"""",""""name"""":""""lens epithelial cell""""}}""
""{""""id"""":3202,""""labels"""":[""""Pathway""""],""""properties"""":{""""name"""":""""SA_MMP_CYTOKINE_CONNECTION"""",""""database_source"""":""""Other""""}}"",""{""""id"""":1186702899858640002,""""type"""":""""HAS_ACTIVITY_IN"""",""""start"""":3202,""""end"""":1230,""""properties"""":{""""score"""":0.0}}"",""{""""id"""":1230,""""labels"""":[""""CellType""""],""""properties"""":{""""ontology_id"""":""""CL:0002319"""",""""name"""":""""neural cell""""}}""
""{""""id"""":3202,""""labels"""":[""""Pathway""""],""""properties"""":{""""name"""":""""SA_MMP_CYTOKINE_CONNECTION"""",""""database_source"""":""""Other""""}}"",""{""""id"""":1229487096318659714,""""type"""":""""HAS_ACTIVITY_IN"""",""""start"""":3202,""""end"""":1233,""""properties"""":{""""score"""":0.0}}"",""{""""id"""":1233,""""labels"""":[""""CellType""""],""""properties"""":{""""ontology_id"""":""""CL:0002322"""",""""name"""":""""embryonic stem cell""""}}""
""{""""id"""":3202,""""labels"""":[""""Pathway""""],""""properties"""":{""""name"""":""""SA_MMP_CYTOKINE_CONNECTION"""",""""database_source"""":""""Other""""}}"",""{""""id"""":1170940301162843266,""""type"""":""""HAS_ACTIVITY_IN"""",""""start"""":3202,""""end"""":1787,""""properties"""":{""""score"""":0.0}}"",""{""""id"""":1787,""""labels"""":[""""CellType""""],""""properties"""":{""""ontology_id"""":""""CL:0009004"""",""""name"""":""""retinal cell""""}}""
""{""""id"""":3218,""""labels"""":[""""Pathway""""],""""properties"""":{""""name"""":""""SA_PROGRAMMED_CELL_DEATH"""",""""database_source"""":""""Other""""}}"",""{""""id"""":1164184901721787538,""""type"""":""""HAS_ACTIVITY_IN"""",""""start"""":3218,""""end"""":31,""""properties"""":{""""score"""":0.0}}"",""{""""id"""":31,""""labels"""":[""""CellType""""],""""properties"""":{""""ontology_id"""":""""CL:0000037"""",""""name"""":""""hematopoietic stem cell""""}}""
""{""""id"""":3218,""""labels"""":[""""Pathway""""],""""properties"""":{""""name"""":""""SA_PROGRAMMED_CELL_DEATH"""",""""database_source"""":""""Other""""}}"",""{""""id"""":1211472697809177746,""""type"""":""""HAS_ACTIVITY_IN"""",""""start"""":3218,""""end"""":37,""""properties"""":{""""score"""":0.0}}"",""{""""id"""":37,""""labels"""":[""""CellType""""],""""properties"""":{""""ontology_id"""":""""CL:0000043"""",""""name"""":""""mature basophil""""}}""
""{""""id"""":3218,""""labels"""":[""""Pathway""""],""""properties"""":{""""name"""":""""SA_PROGRAMMED_CELL_DEATH"""",""""database_source"""":""""Other""""}}"",""{""""id"""":1184451100044954770,""""type"""":""""HAS_ACTIVITY_IN"""",""""start"""":3218,""""end"""":45,""""properties"""":{""""score"""":0.0}}"",""{""""id"""":45,""""labels"""":[""""CellType""""],""""properties"""":{""""ontology_id"""":""""CL:0000057"""",""""name"""":""""fibroblast""""}}""
""{""""id"""":3218,""""labels"""":[""""Pathway""""],""""properties"""":{""""name"""":""""SA_PROGRAMMED_CELL_DEATH"""",""""database_source"""":""""Other""""}}"",""{""""id"""":1188954699672325266,""""type"""":""""HAS_ACTIVITY_IN"""",""""start"""":3218,""""end"""":47,""""properties"""":{""""score"""":0.0}}"",""{""""id"""":47,""""labels"""":[""""CellType""""],""""properties"""":{""""ontology_id"""":""""CL:0000059"""",""""name"""":""""ameloblast""""}}""
""{""""id"""":3218,""""labels"""":[""""Pathway""""],""""properties"""":{""""name"""":""""SA_PROGRAMMED_CELL_DEATH"""",""""database_source"""":""""Other""""}}"",""{""""id"""":1173192100976528530,""""type"""":""""HAS_ACTIVITY_IN"""",""""start"""":3218,""""end"""":53,""""properties"""":{""""score"""":0.0}}"",""{""""id"""":53,""""labels"""":[""""CellType""""],""""properties"""":{""""ontology_id"""":""""CL:0000066"""",""""name"""":""""epithelial cell""""}}""
""{""""id"""":3218,""""labels"""":[""""Pathway""""],""""properties"""":{""""name"""":""""SA_PROGRAMMED_CELL_DEATH"""",""""database_source"""":""""Other""""}}"",""{""""id"""":1200213698740751506,""""type"""":""""HAS_ACTIVITY_IN"""",""""start"""":3218,""""end"""":61,""""properties"""":{""""score"""":0.0}}"",""{""""id"""":61,""""labels"""":[""""CellType""""],""""properties"""":{""""ontology_id"""":""""CL:0000077"""",""""name"""":""""mesothelial cell""""}}""
""{""""id"""":3218,""""labels"""":[""""Pathway""""],""""properties"""":{""""name"""":""""SA_PROGRAMMED_CELL_DEATH"""",""""database_source"""":""""Other""""}}"",""{""""id"""":1215976297436548242,""""type"""":""""HAS_ACTIVITY_IN"""",""""start"""":3218,""""end"""":68,""""properties"""":{""""score"""":0.0}}"",""{""""id"""":68,""""labels"""":[""""CellType""""],""""properties"""":{""""ontology_id"""":""""CL:0000084"""",""""name"""":""""T cell""""}}""
""{""""id"""":3218,""""labels"""":[""""Pathway""""],""""properties"""":{""""name"""":""""SA_PROGRAMMED_CELL_DEATH"""",""""database_source"""":""""Other""""}}"",""{""""id"""":1197961898927066258,""""type"""":""""HAS_ACTIVITY_IN"""",""""start"""":3218,""""end"""":74,""""properties"""":{""""score"""":0.0}}"",""{""""id"""":74,""""labels"""":[""""CellType""""],""""properties"""":{""""ontology_id"""":""""CL:0000097"""",""""name"""":""""mast cell""""}}""
""{""""id"""":3218,""""labels"""":[""""Pathway""""],""""properties"""":{""""name"""":""""SA_PROGRAMMED_CELL_DEATH"""",""""database_source"""":""""Other""""}}"",""{""""id"""":6931044224569704535,""""type"""":""""HAS_ACTIVITY_IN"""",""""start"""":3218,""""end"""":87,""""properties"""":{""""score"""":0.0}}"",""{""""id"""":87,""""labels"""":[""""CellType""""],""""properties"""":{""""ontology_id"""":""""CL:0000110"""",""""name"""":""""peptidergic neuron""""}}""
""{""""id"""":3218,""""labels"""":[""""Pathway""""],""""properties"""":{""""name"""":""""SA_PROGRAMMED_CELL_DEATH"""",""""database_source"""":""""Other""""}}"",""{""""id"""":1168688501349158034,""""type"""":""""HAS_ACTIVITY_IN"""",""""start"""":3218,""""end"""":91,""""properties"""":{""""score"""":0.0}}"",""{""""id"""":91,""""labels"""":[""""CellType""""],""""properties"""":{""""ontology_id"""":""""CL:0000115"""",""""name"""":""""endothelial cell""""}}""
""{""""id"""":3218,""""labels"""":[""""Pathway""""],""""properties"""":{""""name"""":""""SA_PROGRAMMED_CELL_DEATH"""",""""database_source"""":""""Other""""}}"",""{""""id"""":1155177702467046546,""""type"""":""""HAS_ACTIVITY_IN"""",""""start"""":3218,""""end"""":102,""""properties"""":{""""score"""":0.0}}"",""{""""id"""":102,""""labels"""":[""""CellType""""],""""properties"""":{""""ontology_id"""":""""CL:0000127"""",""""name"""":""""astrocyte""""}}""
""{""""id"""":3218,""""labels"""":[""""Pathway""""],""""properties"""":{""""name"""":""""SA_PROGRAMMED_CELL_DEATH"""",""""database_source"""":""""Other""""}}"",""{""""id"""":1209220897995492498,""""type"""":""""HAS_ACTIVITY_IN"""",""""start"""":3218,""""end"""":103,""""properties"""":{""""score"""":0.0}}"",""{""""id"""":103,""""labels"""":[""""CellType""""],""""properties"""":{""""ontology_id"""":""""CL:0000128"""",""""name"""":""""oligodendrocyte""""}}""
""{""""id"""":3218,""""labels"""":[""""Pathway""""],""""properties"""":{""""name"""":""""SA_PROGRAMMED_CELL_DEATH"""",""""database_source"""":""""Other""""}}"",""{""""id"""":1231738896132344978,""""type"""":""""HAS_ACTIVITY_IN"""",""""start"""":3218,""""end"""":113,""""properties"""":{""""score"""":0.0}}"",""{""""id"""":113,""""labels"""":[""""CellType""""],""""properties"""":{""""ontology_id"""":""""CL:0000138"""",""""name"""":""""chondrocyte""""}}""
""{""""id"""":3218,""""labels"""":[""""Pathway""""],""""properties"""":{""""name"""":""""SA_PROGRAMMED_CELL_DEATH"""",""""database_source"""":""""Other""""}}"",""{""""id"""":1152925902653361298,""""type"""":""""HAS_ACTIVITY_IN"""",""""start"""":3218,""""end"""":118,""""properties"""":{""""score"""":0.0}}"",""{""""id"""":118,""""labels"""":[""""CellType""""],""""properties"""":{""""ontology_id"""":""""CL:0000145"""",""""name"""":""""professional antigen presenting cell""""}}""
""{""""id"""":3218,""""labels"""":[""""Pathway""""],""""properties"""":{""""name"""":""""SA_PROGRAMMED_CELL_DEATH"""",""""database_source"""":""""Other""""}}"",""{""""id"""":1224983496691289234,""""type"""":""""HAS_ACTIVITY_IN"""",""""start"""":3218,""""end"""":130,""""properties"""":{""""score"""":0.0}}"",""{""""id"""":130,""""labels"""":[""""CellType""""],""""properties"""":{""""ontology_id"""":""""CL:0000158"""",""""name"""":""""club cell""""}}""
""{""""id"""":3218,""""labels"""":[""""Pathway""""],""""properties"""":{""""name"""":""""SA_PROGRAMMED_CELL_DEATH"""",""""database_source"""":""""Other""""}}"",""{""""id"""":1220479897063918738,""""type"""":""""HAS_ACTIVITY_IN"""",""""start"""":3218,""""end"""":134,""""properties"""":{""""score"""":0.0}}"",""{""""id"""":134,""""labels"""":[""""CellType""""],""""properties"""":{""""ontology_id"""":""""CL:0000163"""",""""name"""":""""endocrine cell""""}}""
""{""""id"""":3218,""""labels"""":[""""Pathway""""],""""properties"""":{""""name"""":""""SA_PROGRAMMED_CELL_DEATH"""",""""database_source"""":""""Other""""}}"",""{""""id"""":1227235296504974482,""""type"""":""""HAS_ACTIVITY_IN"""",""""start"""":3218,""""end"""":152,""""properties"""":{""""score"""":0.0}}"",""{""""id"""":152,""""labels"""":[""""CellType""""],""""properties"""":{""""ontology_id"""":""""CL:0000182"""",""""name"""":""""hepatocyte""""}}""
""{""""id"""":3218,""""labels"""":[""""Pathway""""],""""properties"""":{""""name"""":""""SA_PROGRAMMED_CELL_DEATH"""",""""database_source"""":""""Other""""}}"",""{""""id"""":1222731696877603986,""""type"""":""""HAS_ACTIVITY_IN"""",""""start"""":3218,""""end"""":157,""""properties"""":{""""score"""":0.0}}"",""{""""id"""":157,""""labels"""":[""""CellType""""],""""properties"""":{""""ontology_id"""":""""CL:0000188"""",""""name"""":""""cell of skeletal muscle""""}}""
""{""""id"""":3218,""""labels"""":[""""Pathway""""],""""properties"""":{""""name"""":""""SA_PROGRAMMED_CELL_DEATH"""",""""database_source"""":""""Other""""}}"",""{""""id"""":1191206499486010514,""""type"""":""""HAS_ACTIVITY_IN"""",""""start"""":3218,""""end"""":160,""""properties"""":{""""score"""":0.0}}"",""{""""id"""":160,""""labels"""":[""""CellType""""],""""properties"""":{""""ontology_id"""":""""CL:0000192"""",""""name"""":""""smooth muscle cell""""}}""
""{""""id"""":3218,""""labels"""":[""""Pathway""""],""""properties"""":{""""name"""":""""SA_PROGRAMMED_CELL_DEATH"""",""""database_source"""":""""Other""""}}"",""{""""id"""":1195710099113381010,""""type"""":""""HAS_ACTIVITY_IN"""",""""start"""":3218,""""end"""":191,""""properties"""":{""""score"""":0.0}}"",""{""""id"""":191,""""labels"""":[""""CellType""""],""""properties"""":{""""ontology_id"""":""""CL:0000235"""",""""name"""":""""macrophage""""}}""
""{""""id"""":3218,""""labels"""":[""""Pathway""""],""""properties"""":{""""name"""":""""SA_PROGRAMMED_CELL_DEATH"""",""""database_source"""":""""Other""""}}"",""{""""id"""":1157429502280731794,""""type"""":""""HAS_ACTIVITY_IN"""",""""start"""":3218,""""end"""":192,""""properties"""":{""""score"""":0.0}}"",""{""""id"""":192,""""labels"""":[""""CellType""""],""""properties"""":{""""ontology_id"""":""""CL:0000236"""",""""name"""":""""B cell""""}}""
""{""""id"""":3218,""""labels"""":[""""Pathway""""],""""properties"""":{""""name"""":""""SA_PROGRAMMED_CELL_DEATH"""",""""database_source"""":""""Other""""}}"",""{""""id"""":1166436701535472786,""""type"""":""""HAS_ACTIVITY_IN"""",""""start"""":3218,""""end"""":328,""""properties"""":{""""score"""":0.0}}"",""{""""id"""":328,""""labels"""":[""""CellType""""],""""properties"""":{""""ontology_id"""":""""CL:0000451"""",""""name"""":""""dendritic cell""""}}""
""{""""id"""":3218,""""labels"""":[""""Pathway""""],""""properties"""":{""""name"""":""""SA_PROGRAMMED_CELL_DEATH"""",""""database_source"""":""""Other""""}}"",""{""""id"""":1179947500417584274,""""type"""":""""HAS_ACTIVITY_IN"""",""""start"""":3218,""""end"""":402,""""properties"""":{""""score"""":0.0}}"",""{""""id"""":402,""""labels"""":[""""CellType""""],""""properties"""":{""""ontology_id"""":""""CL:0000540"""",""""name"""":""""neuron""""}}""
""{""""id"""":3218,""""labels"""":[""""Pathway""""],""""properties"""":{""""name"""":""""SA_PROGRAMMED_CELL_DEATH"""",""""database_source"""":""""Other""""}}"",""{""""id"""":1202465498554436754,""""type"""":""""HAS_ACTIVITY_IN"""",""""start"""":3218,""""end"""":434,""""properties"""":{""""score"""":0.0}}"",""{""""id"""":434,""""labels"""":[""""CellType""""],""""properties"""":{""""ontology_id"""":""""CL:0000576"""",""""name"""":""""monocyte""""}}""
""{""""id"""":3218,""""labels"""":[""""Pathway""""],""""properties"""":{""""name"""":""""SA_PROGRAMMED_CELL_DEATH"""",""""database_source"""":""""Other""""}}"",""{""""id"""":1218228097250233490,""""type"""":""""HAS_ACTIVITY_IN"""",""""start"""":3218,""""end"""":442,""""properties"""":{""""score"""":0.0}}"",""{""""id"""":442,""""labels"""":[""""CellType""""],""""properties"""":{""""ontology_id"""":""""CL:0000584"""",""""name"""":""""enterocyte""""}}""
""{""""id"""":3218,""""labels"""":[""""Pathway""""],""""properties"""":{""""name"""":""""SA_PROGRAMMED_CELL_DEATH"""",""""database_source"""":""""Other""""}}"",""{""""id"""":6931044224569704924,""""type"""":""""HAS_ACTIVITY_IN"""",""""start"""":3218,""""end"""":476,""""properties"""":{""""score"""":0.0}}"",""{""""id"""":476,""""labels"""":[""""CellType""""],""""properties"""":{""""ontology_id"""":""""CL:0000622"""",""""name"""":""""acinar cell""""}}""
""{""""id"""":3218,""""labels"""":[""""Pathway""""],""""properties"""":{""""name"""":""""SA_PROGRAMMED_CELL_DEATH"""",""""database_source"""":""""Other""""}}"",""{""""id"""":1161933101908102290,""""type"""":""""HAS_ACTIVITY_IN"""",""""start"""":3218,""""end"""":477,""""properties"""":{""""score"""":0.0}}"",""{""""id"""":477,""""labels"""":[""""CellType""""],""""properties"""":{""""ontology_id"""":""""CL:0000623"""",""""name"""":""""natural killer cell""""}}""
""{""""id"""":3218,""""labels"""":[""""Pathway""""],""""properties"""":{""""name"""":""""SA_PROGRAMMED_CELL_DEATH"""",""""database_source"""":""""Other""""}}"",""{""""id"""":6931044224569704971,""""type"""":""""HAS_ACTIVITY_IN"""",""""start"""":3218,""""end"""":523,""""properties"""":{""""score"""":0.0}}"",""{""""id"""":523,""""labels"""":[""""CellType""""],""""properties"""":{""""ontology_id"""":""""CL:0000678"""",""""name"""":""""commissural neuron""""}}""
""{""""id"""":3218,""""labels"""":[""""Pathway""""],""""properties"""":{""""name"""":""""SA_PROGRAMMED_CELL_DEATH"""",""""database_source"""":""""Other""""}}"",""{""""id"""":6931044224569705029,""""type"""":""""HAS_ACTIVITY_IN"""",""""start"""":3218,""""end"""":581,""""properties"""":{""""score"""":0.0}}"",""{""""id"""":581,""""labels"""":[""""CellType""""],""""properties"""":{""""ontology_id"""":""""CL:0000746"""",""""name"""":""""cardiac muscle cell""""}}""
""{""""id"""":3218,""""labels"""":[""""Pathway""""],""""properties"""":{""""name"""":""""SA_PROGRAMMED_CELL_DEATH"""",""""database_source"""":""""Other""""}}"",""{""""id"""":1204717298368122002,""""type"""":""""HAS_ACTIVITY_IN"""",""""start"""":3218,""""end"""":598,""""properties"""":{""""score"""":0.0}}"",""{""""id"""":598,""""labels"""":[""""CellType""""],""""properties"""":{""""ontology_id"""":""""CL:0000763"""",""""name"""":""""myeloid cell""""}}""
""{""""id"""":3218,""""labels"""":[""""Pathway""""],""""properties"""":{""""name"""":""""SA_PROGRAMMED_CELL_DEATH"""",""""database_source"""":""""Other""""}}"",""{""""id"""":1175443900790213778,""""type"""":""""HAS_ACTIVITY_IN"""",""""start"""":3218,""""end"""":600,""""properties"""":{""""score"""":0.0}}"",""{""""id"""":600,""""labels"""":[""""CellType""""],""""properties"""":{""""ontology_id"""":""""CL:0000765"""",""""name"""":""""erythroblast""""}}""
""{""""id"""":3218,""""labels"""":[""""Pathway""""],""""properties"""":{""""name"""":""""SA_PROGRAMMED_CELL_DEATH"""",""""database_source"""":""""Other""""}}"",""{""""id"""":1206969098181807250,""""type"""":""""HAS_ACTIVITY_IN"""",""""start"""":3218,""""end"""":610,""""properties"""":{""""score"""":0.0}}"",""{""""id"""":610,""""labels"""":[""""CellType""""],""""properties"""":{""""ontology_id"""":""""CL:0000775"""",""""name"""":""""neutrophil""""}}""
""{""""id"""":3218,""""labels"""":[""""Pathway""""],""""properties"""":{""""name"""":""""SA_PROGRAMMED_CELL_DEATH"""",""""database_source"""":""""Other""""}}"",""{""""id"""":1159681302094417042,""""type"""":""""HAS_ACTIVITY_IN"""",""""start"""":3218,""""end"""":621,""""properties"""":{""""score"""":0.0}}"",""{""""id"""":621,""""labels"""":[""""CellType""""],""""properties"""":{""""ontology_id"""":""""CL:0000786"""",""""name"""":""""plasma cell""""}}""
""{""""id"""":3218,""""labels"""":[""""Pathway""""],""""properties"""":{""""name"""":""""SA_PROGRAMMED_CELL_DEATH"""",""""database_source"""":""""Other""""}}"",""{""""id"""":6931044224569705082,""""type"""":""""HAS_ACTIVITY_IN"""",""""start"""":3218,""""end"""":634,""""properties"""":{""""score"""":0.0}}"",""{""""id"""":634,""""labels"""":[""""CellType""""],""""properties"""":{""""ontology_id"""":""""CL:0000799"""",""""name"""":""""immature gamma-delta T cell""""}}""
""{""""id"""":3218,""""labels"""":[""""Pathway""""],""""properties"""":{""""name"""":""""SA_PROGRAMMED_CELL_DEATH"""",""""database_source"""":""""Other""""}}"",""{""""id"""":1193458299299695762,""""type"""":""""HAS_ACTIVITY_IN"""",""""start"""":3218,""""end"""":695,""""properties"""":{""""score"""":0.0}}"",""{""""id"""":695,""""labels"""":[""""CellType""""],""""properties"""":{""""ontology_id"""":""""CL:0000863"""",""""name"""":""""inflammatory macrophage""""}}""
""{""""id"""":3218,""""labels"""":[""""Pathway""""],""""properties"""":{""""name"""":""""SA_PROGRAMMED_CELL_DEATH"""",""""database_source"""":""""Other""""}}"",""{""""id"""":6931044224569705430,""""type"""":""""HAS_ACTIVITY_IN"""",""""start"""":3218,""""end"""":982,""""properties"""":{""""score"""":0.0}}"",""{""""id"""":982,""""labels"""":[""""CellType""""],""""properties"""":{""""ontology_id"""":""""CL:0002063"""",""""name"""":""""pulmonary alveolar type 2 cell""""}}""
""{""""id"""":3218,""""labels"""":[""""Pathway""""],""""properties"""":{""""name"""":""""SA_PROGRAMMED_CELL_DEATH"""",""""database_source"""":""""Other""""}}"",""{""""id"""":1177695700603899026,""""type"""":""""HAS_ACTIVITY_IN"""",""""start"""":3218,""""end"""":1018,""""properties"""":{""""score"""":0.0}}"",""{""""id"""":1018,""""labels"""":[""""CellType""""],""""properties"""":{""""ontology_id"""":""""CL:0002100"""",""""name"""":""""regular interventricular cardiac myocyte""""}}""
""{""""id"""":3218,""""labels"""":[""""Pathway""""],""""properties"""":{""""name"""":""""SA_PROGRAMMED_CELL_DEATH"""",""""database_source"""":""""Other""""}}"",""{""""id"""":1213724497622862994,""""type"""":""""HAS_ACTIVITY_IN"""",""""start"""":3218,""""end"""":1064,""""properties"""":{""""score"""":0.0}}"",""{""""id"""":1064,""""labels"""":[""""CellType""""],""""properties"""":{""""ontology_id"""":""""CL:0002146"""",""""name"""":""""clear cell of eccrine sweat gland""""}}""
""{""""id"""":3218,""""labels"""":[""""Pathway""""],""""properties"""":{""""name"""":""""SA_PROGRAMMED_CELL_DEATH"""",""""database_source"""":""""Other""""}}"",""{""""id"""":6931044224569705517,""""type"""":""""HAS_ACTIVITY_IN"""",""""start"""":3218,""""end"""":1069,""""properties"""":{""""score"""":0.0}}"",""{""""id"""":1069,""""labels"""":[""""CellType""""],""""properties"""":{""""ontology_id"""":""""CL:0002151"""",""""name"""":""""late promyelocyte""""}}""
""{""""id"""":3218,""""labels"""":[""""Pathway""""],""""properties"""":{""""name"""":""""SA_PROGRAMMED_CELL_DEATH"""",""""database_source"""":""""Other""""}}"",""{""""id"""":1182199300231269522,""""type"""":""""HAS_ACTIVITY_IN"""",""""start"""":3218,""""end"""":1138,""""properties"""":{""""score"""":0.0}}"",""{""""id"""":1138,""""labels"""":[""""CellType""""],""""properties"""":{""""ontology_id"""":""""CL:0002224"""",""""name"""":""""lens epithelial cell""""}}""
""{""""id"""":3218,""""labels"""":[""""Pathway""""],""""properties"""":{""""name"""":""""SA_PROGRAMMED_CELL_DEATH"""",""""database_source"""":""""Other""""}}"",""{""""id"""":1186702899858640018,""""type"""":""""HAS_ACTIVITY_IN"""",""""start"""":3218,""""end"""":1230,""""properties"""":{""""score"""":0.0}}"",""{""""id"""":1230,""""labels"""":[""""CellType""""],""""properties"""":{""""ontology_id"""":""""CL:0002319"""",""""name"""":""""neural cell""""}}""
""{""""id"""":3218,""""labels"""":[""""Pathway""""],""""properties"""":{""""name"""":""""SA_PROGRAMMED_CELL_DEATH"""",""""database_source"""":""""Other""""}}"",""{""""id"""":1229487096318659730,""""type"""":""""HAS_ACTIVITY_IN"""",""""start"""":3218,""""end"""":1233,""""properties"""":{""""score"""":0.0}}"",""{""""id"""":1233,""""labels"""":[""""CellType""""],""""properties"""":{""""ontology_id"""":""""CL:0002322"""",""""name"""":""""embryonic stem cell""""}}""
""{""""id"""":3218,""""labels"""":[""""Pathway""""],""""properties"""":{""""name"""":""""SA_PROGRAMMED_CELL_DEATH"""",""""database_source"""":""""Other""""}}"",""{""""id"""":1170940301162843282,""""type"""":""""HAS_ACTIVITY_IN"""",""""start"""":3218,""""end"""":1787,""""properties"""":{""""score"""":0.0}}"",""{""""id"""":1787,""""labels"""":[""""CellType""""],""""properties"""":{""""ontology_id"""":""""CL:0009004"""",""""name"""":""""retinal cell""""}}""
""{""""id"""":3228,""""labels"""":[""""Pathway""""],""""properties"""":{""""name"""":""""SA_PTEN_PATHWAY"""",""""database_source"""":""""Other""""}}"",""{""""id"""":1164184901721787548,""""type"""":""""HAS_ACTIVITY_IN"""",""""start"""":3228,""""end"""":31,""""properties"""":{""""score"""":0.0}}"",""{""""id"""":31,""""labels"""":[""""CellType""""],""""properties"""":{""""ontology_id"""":""""CL:0000037"""",""""name"""":""""hematopoietic stem cell""""}}""
""{""""id"""":3228,""""labels"""":[""""Pathway""""],""""properties"""":{""""name"""":""""SA_PTEN_PATHWAY"""",""""database_source"""":""""Other""""}}"",""{""""id"""":1211472697809177756,""""type"""":""""HAS_ACTIVITY_IN"""",""""start"""":3228,""""end"""":37,""""properties"""":{""""score"""":0.0}}"",""{""""id"""":37,""""labels"""":[""""CellType""""],""""properties"""":{""""ontology_id"""":""""CL:0000043"""",""""name"""":""""mature basophil""""}}""
""{""""id"""":3228,""""labels"""":[""""Pathway""""],""""properties"""":{""""name"""":""""SA_PTEN_PATHWAY"""",""""database_source"""":""""Other""""}}"",""{""""id"""":1184451100044954780,""""type"""":""""HAS_ACTIVITY_IN"""",""""start"""":3228,""""end"""":45,""""properties"""":{""""score"""":0.0}}"",""{""""id"""":45,""""labels"""":[""""CellType""""],""""properties"""":{""""ontology_id"""":""""CL:0000057"""",""""name"""":""""fibroblast""""}}""
""{""""id"""":3228,""""labels"""":[""""Pathway""""],""""properties"""":{""""name"""":""""SA_PTEN_PATHWAY"""",""""database_source"""":""""Other""""}}"",""{""""id"""":1188954699672325276,""""type"""":""""HAS_ACTIVITY_IN"""",""""start"""":3228,""""end"""":47,""""properties"""":{""""score"""":0.0}}"",""{""""id"""":47,""""labels"""":[""""CellType""""],""""properties"""":{""""ontology_id"""":""""CL:0000059"""",""""name"""":""""ameloblast""""}}""
""{""""id"""":3228,""""labels"""":[""""Pathway""""],""""properties"""":{""""name"""":""""SA_PTEN_PATHWAY"""",""""database_source"""":""""Other""""}}"",""{""""id"""":1173192100976528540,""""type"""":""""HAS_ACTIVITY_IN"""",""""start"""":3228,""""end"""":53,""""properties"""":{""""score"""":0.0}}"",""{""""id"""":53,""""labels"""":[""""CellType""""],""""properties"""":{""""ontology_id"""":""""CL:0000066"""",""""name"""":""""epithelial cell""""}}""
""{""""id"""":3228,""""labels"""":[""""Pathway""""],""""properties"""":{""""name"""":""""SA_PTEN_PATHWAY"""",""""database_source"""":""""Other""""}}"",""{""""id"""":1200213698740751516,""""type"""":""""HAS_ACTIVITY_IN"""",""""start"""":3228,""""end"""":61,""""properties"""":{""""score"""":0.0}}"",""{""""id"""":61,""""labels"""":[""""CellType""""],""""properties"""":{""""ontology_id"""":""""CL:0000077"""",""""name"""":""""mesothelial cell""""}}""
""{""""id"""":3228,""""labels"""":[""""Pathway""""],""""properties"""":{""""name"""":""""SA_PTEN_PATHWAY"""",""""database_source"""":""""Other""""}}"",""{""""id"""":1215976297436548252,""""type"""":""""HAS_ACTIVITY_IN"""",""""start"""":3228,""""end"""":68,""""properties"""":{""""score"""":0.0}}"",""{""""id"""":68,""""labels"""":[""""CellType""""],""""properties"""":{""""ontology_id"""":""""CL:0000084"""",""""name"""":""""T cell""""}}""
""{""""id"""":3228,""""labels"""":[""""Pathway""""],""""properties"""":{""""name"""":""""SA_PTEN_PATHWAY"""",""""database_source"""":""""Other""""}}"",""{""""id"""":1197961898927066268,""""type"""":""""HAS_ACTIVITY_IN"""",""""start"""":3228,""""end"""":74,""""properties"""":{""""score"""":0.0}}"",""{""""id"""":74,""""labels"""":[""""CellType""""],""""properties"""":{""""ontology_id"""":""""CL:0000097"""",""""name"""":""""mast cell""""}}""
""{""""id"""":3228,""""labels"""":[""""Pathway""""],""""properties"""":{""""name"""":""""SA_PTEN_PATHWAY"""",""""database_source"""":""""Other""""}}"",""{""""id"""":6933296024383389783,""""type"""":""""HAS_ACTIVITY_IN"""",""""start"""":3228,""""end"""":87,""""properties"""":{""""score"""":0.0}}"",""{""""id"""":87,""""labels"""":[""""CellType""""],""""properties"""":{""""ontology_id"""":""""CL:0000110"""",""""name"""":""""peptidergic neuron""""}}""
""{""""id"""":3228,""""labels"""":[""""Pathway""""],""""properties"""":{""""name"""":""""SA_PTEN_PATHWAY"""",""""database_source"""":""""Other""""}}"",""{""""id"""":1168688501349158044,""""type"""":""""HAS_ACTIVITY_IN"""",""""start"""":3228,""""end"""":91,""""properties"""":{""""score"""":0.0}}"",""{""""id"""":91,""""labels"""":[""""CellType""""],""""properties"""":{""""ontology_id"""":""""CL:0000115"""",""""name"""":""""endothelial cell""""}}""
""{""""id"""":3228,""""labels"""":[""""Pathway""""],""""properties"""":{""""name"""":""""SA_PTEN_PATHWAY"""",""""database_source"""":""""Other""""}}"",""{""""id"""":1155177702467046556,""""type"""":""""HAS_ACTIVITY_IN"""",""""start"""":3228,""""end"""":102,""""properties"""":{""""score"""":0.0}}"",""{""""id"""":102,""""labels"""":[""""CellType""""],""""properties"""":{""""ontology_id"""":""""CL:0000127"""",""""name"""":""""astrocyte""""}}""
""{""""id"""":3228,""""labels"""":[""""Pathway""""],""""properties"""":{""""name"""":""""SA_PTEN_PATHWAY"""",""""database_source"""":""""Other""""}}"",""{""""id"""":1209220897995492508,""""type"""":""""HAS_ACTIVITY_IN"""",""""start"""":3228,""""end"""":103,""""properties"""":{""""score"""":0.0}}"",""{""""id"""":103,""""labels"""":[""""CellType""""],""""properties"""":{""""ontology_id"""":""""CL:0000128"""",""""name"""":""""oligodendrocyte""""}}""
""{""""id"""":3228,""""labels"""":[""""Pathway""""],""""properties"""":{""""name"""":""""SA_PTEN_PATHWAY"""",""""database_source"""":""""Other""""}}"",""{""""id"""":1231738896132344988,""""type"""":""""HAS_ACTIVITY_IN"""",""""start"""":3228,""""end"""":113,""""properties"""":{""""score"""":0.0}}"",""{""""id"""":113,""""labels"""":[""""CellType""""],""""properties"""":{""""ontology_id"""":""""CL:0000138"""",""""name"""":""""chondrocyte""""}}""
""{""""id"""":3228,""""labels"""":[""""Pathway""""],""""properties"""":{""""name"""":""""SA_PTEN_PATHWAY"""",""""database_source"""":""""Other""""}}"",""{""""id"""":1152925902653361308,""""type"""":""""HAS_ACTIVITY_IN"""",""""start"""":3228,""""end"""":118,""""properties"""":{""""score"""":0.0}}"",""{""""id"""":118,""""labels"""":[""""CellType""""],""""properties"""":{""""ontology_id"""":""""CL:0000145"""",""""name"""":""""professional antigen presenting cell""""}}""
""{""""id"""":3228,""""labels"""":[""""Pathway""""],""""properties"""":{""""name"""":""""SA_PTEN_PATHWAY"""",""""database_source"""":""""Other""""}}"",""{""""id"""":1224983496691289244,""""type"""":""""HAS_ACTIVITY_IN"""",""""start"""":3228,""""end"""":130,""""properties"""":{""""score"""":0.0}}"",""{""""id"""":130,""""labels"""":[""""CellType""""],""""properties"""":{""""ontology_id"""":""""CL:0000158"""",""""name"""":""""club cell""""}}""
""{""""id"""":3228,""""labels"""":[""""Pathway""""],""""properties"""":{""""name"""":""""SA_PTEN_PATHWAY"""",""""database_source"""":""""Other""""}}"",""{""""id"""":1220479897063918748,""""type"""":""""HAS_ACTIVITY_IN"""",""""start"""":3228,""""end"""":134,""""properties"""":{""""score"""":0.0}}"",""{""""id"""":134,""""labels"""":[""""CellType""""],""""properties"""":{""""ontology_id"""":""""CL:0000163"""",""""name"""":""""endocrine cell""""}}""
""{""""id"""":3228,""""labels"""":[""""Pathway""""],""""properties"""":{""""name"""":""""SA_PTEN_PATHWAY"""",""""database_source"""":""""Other""""}}"",""{""""id"""":1227235296504974492,""""type"""":""""HAS_ACTIVITY_IN"""",""""start"""":3228,""""end"""":152,""""properties"""":{""""score"""":0.0}}"",""{""""id"""":152,""""labels"""":[""""CellType""""],""""properties"""":{""""ontology_id"""":""""CL:0000182"""",""""name"""":""""hepatocyte""""}}""
""{""""id"""":3228,""""labels"""":[""""Pathway""""],""""properties"""":{""""name"""":""""SA_PTEN_PATHWAY"""",""""database_source"""":""""Other""""}}"",""{""""id"""":1222731696877603996,""""type"""":""""HAS_ACTIVITY_IN"""",""""start"""":3228,""""end"""":157,""""properties"""":{""""score"""":0.0}}"",""{""""id"""":157,""""labels"""":[""""CellType""""],""""properties"""":{""""ontology_id"""":""""CL:0000188"""",""""name"""":""""cell of skeletal muscle""""}}""
""{""""id"""":3228,""""labels"""":[""""Pathway""""],""""properties"""":{""""name"""":""""SA_PTEN_PATHWAY"""",""""database_source"""":""""Other""""}}"",""{""""id"""":1191206499486010524,""""type"""":""""HAS_ACTIVITY_IN"""",""""start"""":3228,""""end"""":160,""""properties"""":{""""score"""":0.0}}"",""{""""id"""":160,""""labels"""":[""""CellType""""],""""properties"""":{""""ontology_id"""":""""CL:0000192"""",""""name"""":""""smooth muscle cell""""}}""
""{""""id"""":3228,""""labels"""":[""""Pathway""""],""""properties"""":{""""name"""":""""SA_PTEN_PATHWAY"""",""""database_source"""":""""Other""""}}"",""{""""id"""":1195710099113381020,""""type"""":""""HAS_ACTIVITY_IN"""",""""start"""":3228,""""end"""":191,""""properties"""":{""""score"""":0.0}}"",""{""""id"""":191,""""labels"""":[""""CellType""""],""""properties"""":{""""ontology_id"""":""""CL:0000235"""",""""name"""":""""macrophage""""}}""
""{""""id"""":3228,""""labels"""":[""""Pathway""""],""""properties"""":{""""name"""":""""SA_PTEN_PATHWAY"""",""""database_source"""":""""Other""""}}"",""{""""id"""":1157429502280731804,""""type"""":""""HAS_ACTIVITY_IN"""",""""start"""":3228,""""end"""":192,""""properties"""":{""""score"""":0.0}}"",""{""""id"""":192,""""labels"""":[""""CellType""""],""""properties"""":{""""ontology_id"""":""""CL:0000236"""",""""name"""":""""B cell""""}}""
""{""""id"""":3228,""""labels"""":[""""Pathway""""],""""properties"""":{""""name"""":""""SA_PTEN_PATHWAY"""",""""database_source"""":""""Other""""}}"",""{""""id"""":1166436701535472796,""""type"""":""""HAS_ACTIVITY_IN"""",""""start"""":3228,""""end"""":328,""""properties"""":{""""score"""":0.0}}"",""{""""id"""":328,""""labels"""":[""""CellType""""],""""properties"""":{""""ontology_id"""":""""CL:0000451"""",""""name"""":""""dendritic cell""""}}""
""{""""id"""":3228,""""labels"""":[""""Pathway""""],""""properties"""":{""""name"""":""""SA_PTEN_PATHWAY"""",""""database_source"""":""""Other""""}}"",""{""""id"""":1179947500417584284,""""type"""":""""HAS_ACTIVITY_IN"""",""""start"""":3228,""""end"""":402,""""properties"""":{""""score"""":0.0}}"",""{""""id"""":402,""""labels"""":[""""CellType""""],""""properties"""":{""""ontology_id"""":""""CL:0000540"""",""""name"""":""""neuron""""}}""
""{""""id"""":3228,""""labels"""":[""""Pathway""""],""""properties"""":{""""name"""":""""SA_PTEN_PATHWAY"""",""""database_source"""":""""Other""""}}"",""{""""id"""":1202465498554436764,""""type"""":""""HAS_ACTIVITY_IN"""",""""start"""":3228,""""end"""":434,""""properties"""":{""""score"""":0.0}}"",""{""""id"""":434,""""labels"""":[""""CellType""""],""""properties"""":{""""ontology_id"""":""""CL:0000576"""",""""name"""":""""monocyte""""}}""
""{""""id"""":3228,""""labels"""":[""""Pathway""""],""""properties"""":{""""name"""":""""SA_PTEN_PATHWAY"""",""""database_source"""":""""Other""""}}"",""{""""id"""":1218228097250233500,""""type"""":""""HAS_ACTIVITY_IN"""",""""start"""":3228,""""end"""":442,""""properties"""":{""""score"""":0.0}}"",""{""""id"""":442,""""labels"""":[""""CellType""""],""""properties"""":{""""ontology_id"""":""""CL:0000584"""",""""name"""":""""enterocyte""""}}""
""{""""id"""":3228,""""labels"""":[""""Pathway""""],""""properties"""":{""""name"""":""""SA_PTEN_PATHWAY"""",""""database_source"""":""""Other""""}}"",""{""""id"""":6933296024383390172,""""type"""":""""HAS_ACTIVITY_IN"""",""""start"""":3228,""""end"""":476,""""properties"""":{""""score"""":0.0}}"",""{""""id"""":476,""""labels"""":[""""CellType""""],""""properties"""":{""""ontology_id"""":""""CL:0000622"""",""""name"""":""""acinar cell""""}}""
""{""""id"""":3228,""""labels"""":[""""Pathway""""],""""properties"""":{""""name"""":""""SA_PTEN_PATHWAY"""",""""database_source"""":""""Other""""}}"",""{""""id"""":1161933101908102300,""""type"""":""""HAS_ACTIVITY_IN"""",""""start"""":3228,""""end"""":477,""""properties"""":{""""score"""":0.0}}"",""{""""id"""":477,""""labels"""":[""""CellType""""],""""properties"""":{""""ontology_id"""":""""CL:0000623"""",""""name"""":""""natural killer cell""""}}""
""{""""id"""":3228,""""labels"""":[""""Pathway""""],""""properties"""":{""""name"""":""""SA_PTEN_PATHWAY"""",""""database_source"""":""""Other""""}}"",""{""""id"""":6933296024383390219,""""type"""":""""HAS_ACTIVITY_IN"""",""""start"""":3228,""""end"""":523,""""properties"""":{""""score"""":0.0}}"",""{""""id"""":523,""""labels"""":[""""CellType""""],""""properties"""":{""""ontology_id"""":""""CL:0000678"""",""""name"""":""""commissural neuron""""}}""
""{""""id"""":3228,""""labels"""":[""""Pathway""""],""""properties"""":{""""name"""":""""SA_PTEN_PATHWAY"""",""""database_source"""":""""Other""""}}"",""{""""id"""":6933296024383390277,""""type"""":""""HAS_ACTIVITY_IN"""",""""start"""":3228,""""end"""":581,""""properties"""":{""""score"""":0.0}}"",""{""""id"""":581,""""labels"""":[""""CellType""""],""""properties"""":{""""ontology_id"""":""""CL:0000746"""",""""name"""":""""cardiac muscle cell""""}}""
""{""""id"""":3228,""""labels"""":[""""Pathway""""],""""properties"""":{""""name"""":""""SA_PTEN_PATHWAY"""",""""database_source"""":""""Other""""}}"",""{""""id"""":1204717298368122012,""""type"""":""""HAS_ACTIVITY_IN"""",""""start"""":3228,""""end"""":598,""""properties"""":{""""score"""":0.0}}"",""{""""id"""":598,""""labels"""":[""""CellType""""],""""properties"""":{""""ontology_id"""":""""CL:0000763"""",""""name"""":""""myeloid cell""""}}""
""{""""id"""":3228,""""labels"""":[""""Pathway""""],""""properties"""":{""""name"""":""""SA_PTEN_PATHWAY"""",""""database_source"""":""""Other""""}}"",""{""""id"""":1175443900790213788,""""type"""":""""HAS_ACTIVITY_IN"""",""""start"""":3228,""""end"""":600,""""properties"""":{""""score"""":0.0}}"",""{""""id"""":600,""""labels"""":[""""CellType""""],""""properties"""":{""""ontology_id"""":""""CL:0000765"""",""""name"""":""""erythroblast""""}}""
""{""""id"""":3228,""""labels"""":[""""Pathway""""],""""properties"""":{""""name"""":""""SA_PTEN_PATHWAY"""",""""database_source"""":""""Other""""}}"",""{""""id"""":1206969098181807260,""""type"""":""""HAS_ACTIVITY_IN"""",""""start"""":3228,""""end"""":610,""""properties"""":{""""score"""":0.0}}"",""{""""id"""":610,""""labels"""":[""""CellType""""],""""properties"""":{""""ontology_id"""":""""CL:0000775"""",""""name"""":""""neutrophil""""}}""
""{""""id"""":3228,""""labels"""":[""""Pathway""""],""""properties"""":{""""name"""":""""SA_PTEN_PATHWAY"""",""""database_source"""":""""Other""""}}"",""{""""id"""":1159681302094417052,""""type"""":""""HAS_ACTIVITY_IN"""",""""start"""":3228,""""end"""":621,""""properties"""":{""""score"""":0.0}}"",""{""""id"""":621,""""labels"""":[""""CellType""""],""""properties"""":{""""ontology_id"""":""""CL:0000786"""",""""name"""":""""plasma cell""""}}""
""{""""id"""":3228,""""labels"""":[""""Pathway""""],""""properties"""":{""""name"""":""""SA_PTEN_PATHWAY"""",""""database_source"""":""""Other""""}}"",""{""""id"""":6933296024383390330,""""type"""":""""HAS_ACTIVITY_IN"""",""""start"""":3228,""""end"""":634,""""properties"""":{""""score"""":0.0}}"",""{""""id"""":634,""""labels"""":[""""CellType""""],""""properties"""":{""""ontology_id"""":""""CL:0000799"""",""""name"""":""""immature gamma-delta T cell""""}}""
""{""""id"""":3228,""""labels"""":[""""Pathway""""],""""properties"""":{""""name"""":""""SA_PTEN_PATHWAY"""",""""database_source"""":""""Other""""}}"",""{""""id"""":1193458299299695772,""""type"""":""""HAS_ACTIVITY_IN"""",""""start"""":3228,""""end"""":695,""""properties"""":{""""score"""":0.0}}"",""{""""id"""":695,""""labels"""":[""""CellType""""],""""properties"""":{""""ontology_id"""":""""CL:0000863"""",""""name"""":""""inflammatory macrophage""""}}""
""{""""id"""":3228,""""labels"""":[""""Pathway""""],""""properties"""":{""""name"""":""""SA_PTEN_PATHWAY"""",""""database_source"""":""""Other""""}}"",""{""""id"""":6933296024383390678,""""type"""":""""HAS_ACTIVITY_IN"""",""""start"""":3228,""""end"""":982,""""properties"""":{""""score"""":0.0}}"",""{""""id"""":982,""""labels"""":[""""CellType""""],""""properties"""":{""""ontology_id"""":""""CL:0002063"""",""""name"""":""""pulmonary alveolar type 2 cell""""}}""
""{""""id"""":3228,""""labels"""":[""""Pathway""""],""""properties"""":{""""name"""":""""SA_PTEN_PATHWAY"""",""""database_source"""":""""Other""""}}"",""{""""id"""":1177695700603899036,""""type"""":""""HAS_ACTIVITY_IN"""",""""start"""":3228,""""end"""":1018,""""properties"""":{""""score"""":0.0}}"",""{""""id"""":1018,""""labels"""":[""""CellType""""],""""properties"""":{""""ontology_id"""":""""CL:0002100"""",""""name"""":""""regular interventricular cardiac myocyte""""}}""
""{""""id"""":3228,""""labels"""":[""""Pathway""""],""""properties"""":{""""name"""":""""SA_PTEN_PATHWAY"""",""""database_source"""":""""Other""""}}"",""{""""id"""":1213724497622863004,""""type"""":""""HAS_ACTIVITY_IN"""",""""start"""":3228,""""end"""":1064,""""properties"""":{""""score"""":0.0}}"",""{""""id"""":1064,""""labels"""":[""""CellType""""],""""properties"""":{""""ontology_id"""":""""CL:0002146"""",""""name"""":""""clear cell of eccrine sweat gland""""}}""
""{""""id"""":3228,""""labels"""":[""""Pathway""""],""""properties"""":{""""name"""":""""SA_PTEN_PATHWAY"""",""""database_source"""":""""Other""""}}"",""{""""id"""":6933296024383390765,""""type"""":""""HAS_ACTIVITY_IN"""",""""start"""":3228,""""end"""":1069,""""properties"""":{""""score"""":0.0}}"",""{""""id"""":1069,""""labels"""":[""""CellType""""],""""properties"""":{""""ontology_id"""":""""CL:0002151"""",""""name"""":""""late promyelocyte""""}}""
""{""""id"""":3228,""""labels"""":[""""Pathway""""],""""properties"""":{""""name"""":""""SA_PTEN_PATHWAY"""",""""database_source"""":""""Other""""}}"",""{""""id"""":1182199300231269532,""""type"""":""""HAS_ACTIVITY_IN"""",""""start"""":3228,""""end"""":1138,""""properties"""":{""""score"""":0.0}}"",""{""""id"""":1138,""""labels"""":[""""CellType""""],""""properties"""":{""""ontology_id"""":""""CL:0002224"""",""""name"""":""""lens epithelial cell""""}}""
""{""""id"""":3228,""""labels"""":[""""Pathway""""],""""properties"""":{""""name"""":""""SA_PTEN_PATHWAY"""",""""database_source"""":""""Other""""}}"",""{""""id"""":1186702899858640028,""""type"""":""""HAS_ACTIVITY_IN"""",""""start"""":3228,""""end"""":1230,""""properties"""":{""""score"""":0.0}}"",""{""""id"""":1230,""""labels"""":[""""CellType""""],""""properties"""":{""""ontology_id"""":""""CL:0002319"""",""""name"""":""""neural cell""""}}""
""{""""id"""":3228,""""labels"""":[""""Pathway""""],""""properties"""":{""""name"""":""""SA_PTEN_PATHWAY"""",""""database_source"""":""""Other""""}}"",""{""""id"""":1229487096318659740,""""type"""":""""HAS_ACTIVITY_IN"""",""""start"""":3228,""""end"""":1233,""""properties"""":{""""score"""":0.0}}"",""{""""id"""":1233,""""labels"""":[""""CellType""""],""""properties"""":{""""ontology_id"""":""""CL:0002322"""",""""name"""":""""embryonic stem cell""""}}""
""{""""id"""":3228,""""labels"""":[""""Pathway""""],""""properties"""":{""""name"""":""""SA_PTEN_PATHWAY"""",""""database_source"""":""""Other""""}}"",""{""""id"""":1170940301162843292,""""type"""":""""HAS_ACTIVITY_IN"""",""""start"""":3228,""""end"""":1787,""""properties"""":{""""score"""":0.0}}"",""{""""id"""":1787,""""labels"""":[""""CellType""""],""""properties"""":{""""ontology_id"""":""""CL:0009004"""",""""name"""":""""retinal cell""""}}""
""{""""id"""":3242,""""labels"""":[""""Pathway""""],""""properties"""":{""""name"""":""""SA_REG_CASCADE_OF_CYCLIN_EXPR"""",""""database_source"""":""""Other""""}}"",""{""""id"""":1164184901721787562,""""type"""":""""HAS_ACTIVITY_IN"""",""""start"""":3242,""""end"""":31,""""properties"""":{""""score"""":0.0}}"",""{""""id"""":31,""""labels"""":[""""CellType""""],""""properties"""":{""""ontology_id"""":""""CL:0000037"""",""""name"""":""""hematopoietic stem cell""""}}""
""{""""id"""":3242,""""labels"""":[""""Pathway""""],""""properties"""":{""""name"""":""""SA_REG_CASCADE_OF_CYCLIN_EXPR"""",""""database_source"""":""""Other""""}}"",""{""""id"""":1211472697809177770,""""type"""":""""HAS_ACTIVITY_IN"""",""""start"""":3242,""""end"""":37,""""properties"""":{""""score"""":0.0}}"",""{""""id"""":37,""""labels"""":[""""CellType""""],""""properties"""":{""""ontology_id"""":""""CL:0000043"""",""""name"""":""""mature basophil""""}}""
""{""""id"""":3242,""""labels"""":[""""Pathway""""],""""properties"""":{""""name"""":""""SA_REG_CASCADE_OF_CYCLIN_EXPR"""",""""database_source"""":""""Other""""}}"",""{""""id"""":1184451100044954794,""""type"""":""""HAS_ACTIVITY_IN"""",""""start"""":3242,""""end"""":45,""""properties"""":{""""score"""":0.0}}"",""{""""id"""":45,""""labels"""":[""""CellType""""],""""properties"""":{""""ontology_id"""":""""CL:0000057"""",""""name"""":""""fibroblast""""}}""
""{""""id"""":3242,""""labels"""":[""""Pathway""""],""""properties"""":{""""name"""":""""SA_REG_CASCADE_OF_CYCLIN_EXPR"""",""""database_source"""":""""Other""""}}"",""{""""id"""":1188954699672325290,""""type"""":""""HAS_ACTIVITY_IN"""",""""start"""":3242,""""end"""":47,""""properties"""":{""""score"""":0.0}}"",""{""""id"""":47,""""labels"""":[""""CellType""""],""""properties"""":{""""ontology_id"""":""""CL:0000059"""",""""name"""":""""ameloblast""""}}""
""{""""id"""":3242,""""labels"""":[""""Pathway""""],""""properties"""":{""""name"""":""""SA_REG_CASCADE_OF_CYCLIN_EXPR"""",""""database_source"""":""""Other""""}}"",""{""""id"""":1173192100976528554,""""type"""":""""HAS_ACTIVITY_IN"""",""""start"""":3242,""""end"""":53,""""properties"""":{""""score"""":0.0}}"",""{""""id"""":53,""""labels"""":[""""CellType""""],""""properties"""":{""""ontology_id"""":""""CL:0000066"""",""""name"""":""""epithelial cell""""}}""
""{""""id"""":3242,""""labels"""":[""""Pathway""""],""""properties"""":{""""name"""":""""SA_REG_CASCADE_OF_CYCLIN_EXPR"""",""""database_source"""":""""Other""""}}"",""{""""id"""":1200213698740751530,""""type"""":""""HAS_ACTIVITY_IN"""",""""start"""":3242,""""end"""":61,""""properties"""":{""""score"""":0.0}}"",""{""""id"""":61,""""labels"""":[""""CellType""""],""""properties"""":{""""ontology_id"""":""""CL:0000077"""",""""name"""":""""mesothelial cell""""}}""
""{""""id"""":3242,""""labels"""":[""""Pathway""""],""""properties"""":{""""name"""":""""SA_REG_CASCADE_OF_CYCLIN_EXPR"""",""""database_source"""":""""Other""""}}"",""{""""id"""":1215976297436548266,""""type"""":""""HAS_ACTIVITY_IN"""",""""start"""":3242,""""end"""":68,""""properties"""":{""""score"""":0.0}}"",""{""""id"""":68,""""labels"""":[""""CellType""""],""""properties"""":{""""ontology_id"""":""""CL:0000084"""",""""name"""":""""T cell""""}}""
""{""""id"""":3242,""""labels"""":[""""Pathway""""],""""properties"""":{""""name"""":""""SA_REG_CASCADE_OF_CYCLIN_EXPR"""",""""database_source"""":""""Other""""}}"",""{""""id"""":1197961898927066282,""""type"""":""""HAS_ACTIVITY_IN"""",""""start"""":3242,""""end"""":74,""""properties"""":{""""score"""":0.0}}"",""{""""id"""":74,""""labels"""":[""""CellType""""],""""properties"""":{""""ontology_id"""":""""CL:0000097"""",""""name"""":""""mast cell""""}}""
""{""""id"""":3242,""""labels"""":[""""Pathway""""],""""properties"""":{""""name"""":""""SA_REG_CASCADE_OF_CYCLIN_EXPR"""",""""database_source"""":""""Other""""}}"",""{""""id"""":6935547824197075031,""""type"""":""""HAS_ACTIVITY_IN"""",""""start"""":3242,""""end"""":87,""""properties"""":{""""score"""":0.0}}"",""{""""id"""":87,""""labels"""":[""""CellType""""],""""properties"""":{""""ontology_id"""":""""CL:0000110"""",""""name"""":""""peptidergic neuron""""}}""
""{""""id"""":3242,""""labels"""":[""""Pathway""""],""""properties"""":{""""name"""":""""SA_REG_CASCADE_OF_CYCLIN_EXPR"""",""""database_source"""":""""Other""""}}"",""{""""id"""":1168688501349158058,""""type"""":""""HAS_ACTIVITY_IN"""",""""start"""":3242,""""end"""":91,""""properties"""":{""""score"""":0.0}}"",""{""""id"""":91,""""labels"""":[""""CellType""""],""""properties"""":{""""ontology_id"""":""""CL:0000115"""",""""name"""":""""endothelial cell""""}}""
""{""""id"""":3242,""""labels"""":[""""Pathway""""],""""properties"""":{""""name"""":""""SA_REG_CASCADE_OF_CYCLIN_EXPR"""",""""database_source"""":""""Other""""}}"",""{""""id"""":1155177702467046570,""""type"""":""""HAS_ACTIVITY_IN"""",""""start"""":3242,""""end"""":102,""""properties"""":{""""score"""":0.0}}"",""{""""id"""":102,""""labels"""":[""""CellType""""],""""properties"""":{""""ontology_id"""":""""CL:0000127"""",""""name"""":""""astrocyte""""}}""
""{""""id"""":3242,""""labels"""":[""""Pathway""""],""""properties"""":{""""name"""":""""SA_REG_CASCADE_OF_CYCLIN_EXPR"""",""""database_source"""":""""Other""""}}"",""{""""id"""":1209220897995492522,""""type"""":""""HAS_ACTIVITY_IN"""",""""start"""":3242,""""end"""":103,""""properties"""":{""""score"""":0.0}}"",""{""""id"""":103,""""labels"""":[""""CellType""""],""""properties"""":{""""ontology_id"""":""""CL:0000128"""",""""name"""":""""oligodendrocyte""""}}""
""{""""id"""":3242,""""labels"""":[""""Pathway""""],""""properties"""":{""""name"""":""""SA_REG_CASCADE_OF_CYCLIN_EXPR"""",""""database_source"""":""""Other""""}}"",""{""""id"""":1231738896132345002,""""type"""":""""HAS_ACTIVITY_IN"""",""""start"""":3242,""""end"""":113,""""properties"""":{""""score"""":0.0}}"",""{""""id"""":113,""""labels"""":[""""CellType""""],""""properties"""":{""""ontology_id"""":""""CL:0000138"""",""""name"""":""""chondrocyte""""}}""
""{""""id"""":3242,""""labels"""":[""""Pathway""""],""""properties"""":{""""name"""":""""SA_REG_CASCADE_OF_CYCLIN_EXPR"""",""""database_source"""":""""Other""""}}"",""{""""id"""":1152925902653361322,""""type"""":""""HAS_ACTIVITY_IN"""",""""start"""":3242,""""end"""":118,""""properties"""":{""""score"""":0.0}}"",""{""""id"""":118,""""labels"""":[""""CellType""""],""""properties"""":{""""ontology_id"""":""""CL:0000145"""",""""name"""":""""professional antigen presenting cell""""}}""
""{""""id"""":3242,""""labels"""":[""""Pathway""""],""""properties"""":{""""name"""":""""SA_REG_CASCADE_OF_CYCLIN_EXPR"""",""""database_source"""":""""Other""""}}"",""{""""id"""":1224983496691289258,""""type"""":""""HAS_ACTIVITY_IN"""",""""start"""":3242,""""end"""":130,""""properties"""":{""""score"""":0.0}}"",""{""""id"""":130,""""labels"""":[""""CellType""""],""""properties"""":{""""ontology_id"""":""""CL:0000158"""",""""name"""":""""club cell""""}}""
""{""""id"""":3242,""""labels"""":[""""Pathway""""],""""properties"""":{""""name"""":""""SA_REG_CASCADE_OF_CYCLIN_EXPR"""",""""database_source"""":""""Other""""}}"",""{""""id"""":1220479897063918762,""""type"""":""""HAS_ACTIVITY_IN"""",""""start"""":3242,""""end"""":134,""""properties"""":{""""score"""":0.0}}"",""{""""id"""":134,""""labels"""":[""""CellType""""],""""properties"""":{""""ontology_id"""":""""CL:0000163"""",""""name"""":""""endocrine cell""""}}""
""{""""id"""":3242,""""labels"""":[""""Pathway""""],""""properties"""":{""""name"""":""""SA_REG_CASCADE_OF_CYCLIN_EXPR"""",""""database_source"""":""""Other""""}}"",""{""""id"""":1227235296504974506,""""type"""":""""HAS_ACTIVITY_IN"""",""""start"""":3242,""""end"""":152,""""properties"""":{""""score"""":0.0}}"",""{""""id"""":152,""""labels"""":[""""CellType""""],""""properties"""":{""""ontology_id"""":""""CL:0000182"""",""""name"""":""""hepatocyte""""}}""
""{""""id"""":3242,""""labels"""":[""""Pathway""""],""""properties"""":{""""name"""":""""SA_REG_CASCADE_OF_CYCLIN_EXPR"""",""""database_source"""":""""Other""""}}"",""{""""id"""":1222731696877604010,""""type"""":""""HAS_ACTIVITY_IN"""",""""start"""":3242,""""end"""":157,""""properties"""":{""""score"""":0.0}}"",""{""""id"""":157,""""labels"""":[""""CellType""""],""""properties"""":{""""ontology_id"""":""""CL:0000188"""",""""name"""":""""cell of skeletal muscle""""}}""
""{""""id"""":3242,""""labels"""":[""""Pathway""""],""""properties"""":{""""name"""":""""SA_REG_CASCADE_OF_CYCLIN_EXPR"""",""""database_source"""":""""Other""""}}"",""{""""id"""":1191206499486010538,""""type"""":""""HAS_ACTIVITY_IN"""",""""start"""":3242,""""end"""":160,""""properties"""":{""""score"""":0.0}}"",""{""""id"""":160,""""labels"""":[""""CellType""""],""""properties"""":{""""ontology_id"""":""""CL:0000192"""",""""name"""":""""smooth muscle cell""""}}""
""{""""id"""":3242,""""labels"""":[""""Pathway""""],""""properties"""":{""""name"""":""""SA_REG_CASCADE_OF_CYCLIN_EXPR"""",""""database_source"""":""""Other""""}}"",""{""""id"""":1195710099113381034,""""type"""":""""HAS_ACTIVITY_IN"""",""""start"""":3242,""""end"""":191,""""properties"""":{""""score"""":0.0}}"",""{""""id"""":191,""""labels"""":[""""CellType""""],""""properties"""":{""""ontology_id"""":""""CL:0000235"""",""""name"""":""""macrophage""""}}""
""{""""id"""":3242,""""labels"""":[""""Pathway""""],""""properties"""":{""""name"""":""""SA_REG_CASCADE_OF_CYCLIN_EXPR"""",""""database_source"""":""""Other""""}}"",""{""""id"""":1157429502280731818,""""type"""":""""HAS_ACTIVITY_IN"""",""""start"""":3242,""""end"""":192,""""properties"""":{""""score"""":0.0}}"",""{""""id"""":192,""""labels"""":[""""CellType""""],""""properties"""":{""""ontology_id"""":""""CL:0000236"""",""""name"""":""""B cell""""}}""
""{""""id"""":3242,""""labels"""":[""""Pathway""""],""""properties"""":{""""name"""":""""SA_REG_CASCADE_OF_CYCLIN_EXPR"""",""""database_source"""":""""Other""""}}"",""{""""id"""":1166436701535472810,""""type"""":""""HAS_ACTIVITY_IN"""",""""start"""":3242,""""end"""":328,""""properties"""":{""""score"""":0.0}}"",""{""""id"""":328,""""labels"""":[""""CellType""""],""""properties"""":{""""ontology_id"""":""""CL:0000451"""",""""name"""":""""dendritic cell""""}}""
""{""""id"""":3242,""""labels"""":[""""Pathway""""],""""properties"""":{""""name"""":""""SA_REG_CASCADE_OF_CYCLIN_EXPR"""",""""database_source"""":""""Other""""}}"",""{""""id"""":1179947500417584298,""""type"""":""""HAS_ACTIVITY_IN"""",""""start"""":3242,""""end"""":402,""""properties"""":{""""score"""":0.0}}"",""{""""id"""":402,""""labels"""":[""""CellType""""],""""properties"""":{""""ontology_id"""":""""CL:0000540"""",""""name"""":""""neuron""""}}""
""{""""id"""":3242,""""labels"""":[""""Pathway""""],""""properties"""":{""""name"""":""""SA_REG_CASCADE_OF_CYCLIN_EXPR"""",""""database_source"""":""""Other""""}}"",""{""""id"""":1202465498554436778,""""type"""":""""HAS_ACTIVITY_IN"""",""""start"""":3242,""""end"""":434,""""properties"""":{""""score"""":0.0}}"",""{""""id"""":434,""""labels"""":[""""CellType""""],""""properties"""":{""""ontology_id"""":""""CL:0000576"""",""""name"""":""""monocyte""""}}""
""{""""id"""":3242,""""labels"""":[""""Pathway""""],""""properties"""":{""""name"""":""""SA_REG_CASCADE_OF_CYCLIN_EXPR"""",""""database_source"""":""""Other""""}}"",""{""""id"""":1218228097250233514,""""type"""":""""HAS_ACTIVITY_IN"""",""""start"""":3242,""""end"""":442,""""properties"""":{""""score"""":0.0}}"",""{""""id"""":442,""""labels"""":[""""CellType""""],""""properties"""":{""""ontology_id"""":""""CL:0000584"""",""""name"""":""""enterocyte""""}}""
""{""""id"""":3242,""""labels"""":[""""Pathway""""],""""properties"""":{""""name"""":""""SA_REG_CASCADE_OF_CYCLIN_EXPR"""",""""database_source"""":""""Other""""}}"",""{""""id"""":6935547824197075420,""""type"""":""""HAS_ACTIVITY_IN"""",""""start"""":3242,""""end"""":476,""""properties"""":{""""score"""":0.0}}"",""{""""id"""":476,""""labels"""":[""""CellType""""],""""properties"""":{""""ontology_id"""":""""CL:0000622"""",""""name"""":""""acinar cell""""}}""
""{""""id"""":3242,""""labels"""":[""""Pathway""""],""""properties"""":{""""name"""":""""SA_REG_CASCADE_OF_CYCLIN_EXPR"""",""""database_source"""":""""Other""""}}"",""{""""id"""":1161933101908102314,""""type"""":""""HAS_ACTIVITY_IN"""",""""start"""":3242,""""end"""":477,""""properties"""":{""""score"""":0.0}}"",""{""""id"""":477,""""labels"""":[""""CellType""""],""""properties"""":{""""ontology_id"""":""""CL:0000623"""",""""name"""":""""natural killer cell""""}}""
""{""""id"""":3242,""""labels"""":[""""Pathway""""],""""properties"""":{""""name"""":""""SA_REG_CASCADE_OF_CYCLIN_EXPR"""",""""database_source"""":""""Other""""}}"",""{""""id"""":6935547824197075467,""""type"""":""""HAS_ACTIVITY_IN"""",""""start"""":3242,""""end"""":523,""""properties"""":{""""score"""":0.0}}"",""{""""id"""":523,""""labels"""":[""""CellType""""],""""properties"""":{""""ontology_id"""":""""CL:0000678"""",""""name"""":""""commissural neuron""""}}""
""{""""id"""":3242,""""labels"""":[""""Pathway""""],""""properties"""":{""""name"""":""""SA_REG_CASCADE_OF_CYCLIN_EXPR"""",""""database_source"""":""""Other""""}}"",""{""""id"""":6935547824197075525,""""type"""":""""HAS_ACTIVITY_IN"""",""""start"""":3242,""""end"""":581,""""properties"""":{""""score"""":0.0}}"",""{""""id"""":581,""""labels"""":[""""CellType""""],""""properties"""":{""""ontology_id"""":""""CL:0000746"""",""""name"""":""""cardiac muscle cell""""}}""
""{""""id"""":3242,""""labels"""":[""""Pathway""""],""""properties"""":{""""name"""":""""SA_REG_CASCADE_OF_CYCLIN_EXPR"""",""""database_source"""":""""Other""""}}"",""{""""id"""":1204717298368122026,""""type"""":""""HAS_ACTIVITY_IN"""",""""start"""":3242,""""end"""":598,""""properties"""":{""""score"""":0.0}}"",""{""""id"""":598,""""labels"""":[""""CellType""""],""""properties"""":{""""ontology_id"""":""""CL:0000763"""",""""name"""":""""myeloid cell""""}}""
""{""""id"""":3242,""""labels"""":[""""Pathway""""],""""properties"""":{""""name"""":""""SA_REG_CASCADE_OF_CYCLIN_EXPR"""",""""database_source"""":""""Other""""}}"",""{""""id"""":1175443900790213802,""""type"""":""""HAS_ACTIVITY_IN"""",""""start"""":3242,""""end"""":600,""""properties"""":{""""score"""":0.0}}"",""{""""id"""":600,""""labels"""":[""""CellType""""],""""properties"""":{""""ontology_id"""":""""CL:0000765"""",""""name"""":""""erythroblast""""}}""
""{""""id"""":3242,""""labels"""":[""""Pathway""""],""""properties"""":{""""name"""":""""SA_REG_CASCADE_OF_CYCLIN_EXPR"""",""""database_source"""":""""Other""""}}"",""{""""id"""":1206969098181807274,""""type"""":""""HAS_ACTIVITY_IN"""",""""start"""":3242,""""end"""":610,""""properties"""":{""""score"""":0.0}}"",""{""""id"""":610,""""labels"""":[""""CellType""""],""""properties"""":{""""ontology_id"""":""""CL:0000775"""",""""name"""":""""neutrophil""""}}""
""{""""id"""":3242,""""labels"""":[""""Pathway""""],""""properties"""":{""""name"""":""""SA_REG_CASCADE_OF_CYCLIN_EXPR"""",""""database_source"""":""""Other""""}}"",""{""""id"""":1159681302094417066,""""type"""":""""HAS_ACTIVITY_IN"""",""""start"""":3242,""""end"""":621,""""properties"""":{""""score"""":0.0}}"",""{""""id"""":621,""""labels"""":[""""CellType""""],""""properties"""":{""""ontology_id"""":""""CL:0000786"""",""""name"""":""""plasma cell""""}}""
""{""""id"""":3242,""""labels"""":[""""Pathway""""],""""properties"""":{""""name"""":""""SA_REG_CASCADE_OF_CYCLIN_EXPR"""",""""database_source"""":""""Other""""}}"",""{""""id"""":6935547824197075578,""""type"""":""""HAS_ACTIVITY_IN"""",""""start"""":3242,""""end"""":634,""""properties"""":{""""score"""":0.0}}"",""{""""id"""":634,""""labels"""":[""""CellType""""],""""properties"""":{""""ontology_id"""":""""CL:0000799"""",""""name"""":""""immature gamma-delta T cell""""}}""
""{""""id"""":3242,""""labels"""":[""""Pathway""""],""""properties"""":{""""name"""":""""SA_REG_CASCADE_OF_CYCLIN_EXPR"""",""""database_source"""":""""Other""""}}"",""{""""id"""":1193458299299695786,""""type"""":""""HAS_ACTIVITY_IN"""",""""start"""":3242,""""end"""":695,""""properties"""":{""""score"""":0.0}}"",""{""""id"""":695,""""labels"""":[""""CellType""""],""""properties"""":{""""ontology_id"""":""""CL:0000863"""",""""name"""":""""inflammatory macrophage""""}}""
""{""""id"""":3242,""""labels"""":[""""Pathway""""],""""properties"""":{""""name"""":""""SA_REG_CASCADE_OF_CYCLIN_EXPR"""",""""database_source"""":""""Other""""}}"",""{""""id"""":6935547824197075926,""""type"""":""""HAS_ACTIVITY_IN"""",""""start"""":3242,""""end"""":982,""""properties"""":{""""score"""":0.0}}"",""{""""id"""":982,""""labels"""":[""""CellType""""],""""properties"""":{""""ontology_id"""":""""CL:0002063"""",""""name"""":""""pulmonary alveolar type 2 cell""""}}""
""{""""id"""":3242,""""labels"""":[""""Pathway""""],""""properties"""":{""""name"""":""""SA_REG_CASCADE_OF_CYCLIN_EXPR"""",""""database_source"""":""""Other""""}}"",""{""""id"""":1177695700603899050,""""type"""":""""HAS_ACTIVITY_IN"""",""""start"""":3242,""""end"""":1018,""""properties"""":{""""score"""":0.0}}"",""{""""id"""":1018,""""labels"""":[""""CellType""""],""""properties"""":{""""ontology_id"""":""""CL:0002100"""",""""name"""":""""regular interventricular cardiac myocyte""""}}""
""{""""id"""":3242,""""labels"""":[""""Pathway""""],""""properties"""":{""""name"""":""""SA_REG_CASCADE_OF_CYCLIN_EXPR"""",""""database_source"""":""""Other""""}}"",""{""""id"""":1213724497622863018,""""type"""":""""HAS_ACTIVITY_IN"""",""""start"""":3242,""""end"""":1064,""""properties"""":{""""score"""":0.0}}"",""{""""id"""":1064,""""labels"""":[""""CellType""""],""""properties"""":{""""ontology_id"""":""""CL:0002146"""",""""name"""":""""clear cell of eccrine sweat gland""""}}""
""{""""id"""":3242,""""labels"""":[""""Pathway""""],""""properties"""":{""""name"""":""""SA_REG_CASCADE_OF_CYCLIN_EXPR"""",""""database_source"""":""""Other""""}}"",""{""""id"""":6935547824197076013,""""type"""":""""HAS_ACTIVITY_IN"""",""""start"""":3242,""""end"""":1069,""""properties"""":{""""score"""":0.0}}"",""{""""id"""":1069,""""labels"""":[""""CellType""""],""""properties"""":{""""ontology_id"""":""""CL:0002151"""",""""name"""":""""late promyelocyte""""}}""
""{""""id"""":3242,""""labels"""":[""""Pathway""""],""""properties"""":{""""name"""":""""SA_REG_CASCADE_OF_CYCLIN_EXPR"""",""""database_source"""":""""Other""""}}"",""{""""id"""":1182199300231269546,""""type"""":""""HAS_ACTIVITY_IN"""",""""start"""":3242,""""end"""":1138,""""properties"""":{""""score"""":0.0}}"",""{""""id"""":1138,""""labels"""":[""""CellType""""],""""properties"""":{""""ontology_id"""":""""CL:0002224"""",""""name"""":""""lens epithelial cell""""}}""
""{""""id"""":3242,""""labels"""":[""""Pathway""""],""""properties"""":{""""name"""":""""SA_REG_CASCADE_OF_CYCLIN_EXPR"""",""""database_source"""":""""Other""""}}"",""{""""id"""":1186702899858640042,""""type"""":""""HAS_ACTIVITY_IN"""",""""start"""":3242,""""end"""":1230,""""properties"""":{""""score"""":0.0}}"",""{""""id"""":1230,""""labels"""":[""""CellType""""],""""properties"""":{""""ontology_id"""":""""CL:0002319"""",""""name"""":""""neural cell""""}}""
""{""""id"""":3242,""""labels"""":[""""Pathway""""],""""properties"""":{""""name"""":""""SA_REG_CASCADE_OF_CYCLIN_EXPR"""",""""database_source"""":""""Other""""}}"",""{""""id"""":1229487096318659754,""""type"""":""""HAS_ACTIVITY_IN"""",""""start"""":3242,""""end"""":1233,""""properties"""":{""""score"""":0.0}}"",""{""""id"""":1233,""""labels"""":[""""CellType""""],""""properties"""":{""""ontology_id"""":""""CL:0002322"""",""""name"""":""""embryonic stem cell""""}}""
""{""""id"""":3242,""""labels"""":[""""Pathway""""],""""properties"""":{""""name"""":""""SA_REG_CASCADE_OF_CYCLIN_EXPR"""",""""database_source"""":""""Other""""}}"",""{""""id"""":1170940301162843306,""""type"""":""""HAS_ACTIVITY_IN"""",""""start"""":3242,""""end"""":1787,""""properties"""":{""""score"""":0.0}}"",""{""""id"""":1787,""""labels"""":[""""CellType""""],""""properties"""":{""""ontology_id"""":""""CL:0009004"""",""""name"""":""""retinal cell""""}}""
""{""""id"""":3248,""""labels"""":[""""Pathway""""],""""properties"""":{""""name"""":""""SA_TRKA_RECEPTOR"""",""""database_source"""":""""Other""""}}"",""{""""id"""":1164184901721787568,""""type"""":""""HAS_ACTIVITY_IN"""",""""start"""":3248,""""end"""":31,""""properties"""":{""""score"""":0.0}}"",""{""""id"""":31,""""labels"""":[""""CellType""""],""""properties"""":{""""ontology_id"""":""""CL:0000037"""",""""name"""":""""hematopoietic stem cell""""}}""
""{""""id"""":3248,""""labels"""":[""""Pathway""""],""""properties"""":{""""name"""":""""SA_TRKA_RECEPTOR"""",""""database_source"""":""""Other""""}}"",""{""""id"""":1211472697809177776,""""type"""":""""HAS_ACTIVITY_IN"""",""""start"""":3248,""""end"""":37,""""properties"""":{""""score"""":0.0}}"",""{""""id"""":37,""""labels"""":[""""CellType""""],""""properties"""":{""""ontology_id"""":""""CL:0000043"""",""""name"""":""""mature basophil""""}}""
""{""""id"""":3248,""""labels"""":[""""Pathway""""],""""properties"""":{""""name"""":""""SA_TRKA_RECEPTOR"""",""""database_source"""":""""Other""""}}"",""{""""id"""":1184451100044954800,""""type"""":""""HAS_ACTIVITY_IN"""",""""start"""":3248,""""end"""":45,""""properties"""":{""""score"""":0.0}}"",""{""""id"""":45,""""labels"""":[""""CellType""""],""""properties"""":{""""ontology_id"""":""""CL:0000057"""",""""name"""":""""fibroblast""""}}""
""{""""id"""":3248,""""labels"""":[""""Pathway""""],""""properties"""":{""""name"""":""""SA_TRKA_RECEPTOR"""",""""database_source"""":""""Other""""}}"",""{""""id"""":1188954699672325296,""""type"""":""""HAS_ACTIVITY_IN"""",""""start"""":3248,""""end"""":47,""""properties"""":{""""score"""":0.0}}"",""{""""id"""":47,""""labels"""":[""""CellType""""],""""properties"""":{""""ontology_id"""":""""CL:0000059"""",""""name"""":""""ameloblast""""}}""
""{""""id"""":3248,""""labels"""":[""""Pathway""""],""""properties"""":{""""name"""":""""SA_TRKA_RECEPTOR"""",""""database_source"""":""""Other""""}}"",""{""""id"""":1173192100976528560,""""type"""":""""HAS_ACTIVITY_IN"""",""""start"""":3248,""""end"""":53,""""properties"""":{""""score"""":0.0}}"",""{""""id"""":53,""""labels"""":[""""CellType""""],""""properties"""":{""""ontology_id"""":""""CL:0000066"""",""""name"""":""""epithelial cell""""}}""
""{""""id"""":3248,""""labels"""":[""""Pathway""""],""""properties"""":{""""name"""":""""SA_TRKA_RECEPTOR"""",""""database_source"""":""""Other""""}}"",""{""""id"""":1200213698740751536,""""type"""":""""HAS_ACTIVITY_IN"""",""""start"""":3248,""""end"""":61,""""properties"""":{""""score"""":0.0}}"",""{""""id"""":61,""""labels"""":[""""CellType""""],""""properties"""":{""""ontology_id"""":""""CL:0000077"""",""""name"""":""""mesothelial cell""""}}""
""{""""id"""":3248,""""labels"""":[""""Pathway""""],""""properties"""":{""""name"""":""""SA_TRKA_RECEPTOR"""",""""database_source"""":""""Other""""}}"",""{""""id"""":1215976297436548272,""""type"""":""""HAS_ACTIVITY_IN"""",""""start"""":3248,""""end"""":68,""""properties"""":{""""score"""":0.0}}"",""{""""id"""":68,""""labels"""":[""""CellType""""],""""properties"""":{""""ontology_id"""":""""CL:0000084"""",""""name"""":""""T cell""""}}""
""{""""id"""":3248,""""labels"""":[""""Pathway""""],""""properties"""":{""""name"""":""""SA_TRKA_RECEPTOR"""",""""database_source"""":""""Other""""}}"",""{""""id"""":1197961898927066288,""""type"""":""""HAS_ACTIVITY_IN"""",""""start"""":3248,""""end"""":74,""""properties"""":{""""score"""":0.0}}"",""{""""id"""":74,""""labels"""":[""""CellType""""],""""properties"""":{""""ontology_id"""":""""CL:0000097"""",""""name"""":""""mast cell""""}}""
""{""""id"""":3248,""""labels"""":[""""Pathway""""],""""properties"""":{""""name"""":""""SA_TRKA_RECEPTOR"""",""""database_source"""":""""Other""""}}"",""{""""id"""":6937799624010760279,""""type"""":""""HAS_ACTIVITY_IN"""",""""start"""":3248,""""end"""":87,""""properties"""":{""""score"""":0.0}}"",""{""""id"""":87,""""labels"""":[""""CellType""""],""""properties"""":{""""ontology_id"""":""""CL:0000110"""",""""name"""":""""peptidergic neuron""""}}""
""{""""id"""":3248,""""labels"""":[""""Pathway""""],""""properties"""":{""""name"""":""""SA_TRKA_RECEPTOR"""",""""database_source"""":""""Other""""}}"",""{""""id"""":1168688501349158064,""""type"""":""""HAS_ACTIVITY_IN"""",""""start"""":3248,""""end"""":91,""""properties"""":{""""score"""":0.0}}"",""{""""id"""":91,""""labels"""":[""""CellType""""],""""properties"""":{""""ontology_id"""":""""CL:0000115"""",""""name"""":""""endothelial cell""""}}""
""{""""id"""":3248,""""labels"""":[""""Pathway""""],""""properties"""":{""""name"""":""""SA_TRKA_RECEPTOR"""",""""database_source"""":""""Other""""}}"",""{""""id"""":1155177702467046576,""""type"""":""""HAS_ACTIVITY_IN"""",""""start"""":3248,""""end"""":102,""""properties"""":{""""score"""":0.0}}"",""{""""id"""":102,""""labels"""":[""""CellType""""],""""properties"""":{""""ontology_id"""":""""CL:0000127"""",""""name"""":""""astrocyte""""}}""
""{""""id"""":3248,""""labels"""":[""""Pathway""""],""""properties"""":{""""name"""":""""SA_TRKA_RECEPTOR"""",""""database_source"""":""""Other""""}}"",""{""""id"""":1209220897995492528,""""type"""":""""HAS_ACTIVITY_IN"""",""""start"""":3248,""""end"""":103,""""properties"""":{""""score"""":0.0}}"",""{""""id"""":103,""""labels"""":[""""CellType""""],""""properties"""":{""""ontology_id"""":""""CL:0000128"""",""""name"""":""""oligodendrocyte""""}}""
""{""""id"""":3248,""""labels"""":[""""Pathway""""],""""properties"""":{""""name"""":""""SA_TRKA_RECEPTOR"""",""""database_source"""":""""Other""""}}"",""{""""id"""":1231738896132345008,""""type"""":""""HAS_ACTIVITY_IN"""",""""start"""":3248,""""end"""":113,""""properties"""":{""""score"""":0.0}}"",""{""""id"""":113,""""labels"""":[""""CellType""""],""""properties"""":{""""ontology_id"""":""""CL:0000138"""",""""name"""":""""chondrocyte""""}}""
""{""""id"""":3248,""""labels"""":[""""Pathway""""],""""properties"""":{""""name"""":""""SA_TRKA_RECEPTOR"""",""""database_source"""":""""Other""""}}"",""{""""id"""":1152925902653361328,""""type"""":""""HAS_ACTIVITY_IN"""",""""start"""":3248,""""end"""":118,""""properties"""":{""""score"""":0.0}}"",""{""""id"""":118,""""labels"""":[""""CellType""""],""""properties"""":{""""ontology_id"""":""""CL:0000145"""",""""name"""":""""professional antigen presenting cell""""}}""
""{""""id"""":3248,""""labels"""":[""""Pathway""""],""""properties"""":{""""name"""":""""SA_TRKA_RECEPTOR"""",""""database_source"""":""""Other""""}}"",""{""""id"""":1224983496691289264,""""type"""":""""HAS_ACTIVITY_IN"""",""""start"""":3248,""""end"""":130,""""properties"""":{""""score"""":0.0}}"",""{""""id"""":130,""""labels"""":[""""CellType""""],""""properties"""":{""""ontology_id"""":""""CL:0000158"""",""""name"""":""""club cell""""}}""
""{""""id"""":3248,""""labels"""":[""""Pathway""""],""""properties"""":{""""name"""":""""SA_TRKA_RECEPTOR"""",""""database_source"""":""""Other""""}}"",""{""""id"""":1220479897063918768,""""type"""":""""HAS_ACTIVITY_IN"""",""""start"""":3248,""""end"""":134,""""properties"""":{""""score"""":0.0}}"",""{""""id"""":134,""""labels"""":[""""CellType""""],""""properties"""":{""""ontology_id"""":""""CL:0000163"""",""""name"""":""""endocrine cell""""}}""
""{""""id"""":3248,""""labels"""":[""""Pathway""""],""""properties"""":{""""name"""":""""SA_TRKA_RECEPTOR"""",""""database_source"""":""""Other""""}}"",""{""""id"""":1227235296504974512,""""type"""":""""HAS_ACTIVITY_IN"""",""""start"""":3248,""""end"""":152,""""properties"""":{""""score"""":0.0}}"",""{""""id"""":152,""""labels"""":[""""CellType""""],""""properties"""":{""""ontology_id"""":""""CL:0000182"""",""""name"""":""""hepatocyte""""}}""
""{""""id"""":3248,""""labels"""":[""""Pathway""""],""""properties"""":{""""name"""":""""SA_TRKA_RECEPTOR"""",""""database_source"""":""""Other""""}}"",""{""""id"""":1222731696877604016,""""type"""":""""HAS_ACTIVITY_IN"""",""""start"""":3248,""""end"""":157,""""properties"""":{""""score"""":0.0}}"",""{""""id"""":157,""""labels"""":[""""CellType""""],""""properties"""":{""""ontology_id"""":""""CL:0000188"""",""""name"""":""""cell of skeletal muscle""""}}""
""{""""id"""":3248,""""labels"""":[""""Pathway""""],""""properties"""":{""""name"""":""""SA_TRKA_RECEPTOR"""",""""database_source"""":""""Other""""}}"",""{""""id"""":1191206499486010544,""""type"""":""""HAS_ACTIVITY_IN"""",""""start"""":3248,""""end"""":160,""""properties"""":{""""score"""":0.0}}"",""{""""id"""":160,""""labels"""":[""""CellType""""],""""properties"""":{""""ontology_id"""":""""CL:0000192"""",""""name"""":""""smooth muscle cell""""}}""
""{""""id"""":3248,""""labels"""":[""""Pathway""""],""""properties"""":{""""name"""":""""SA_TRKA_RECEPTOR"""",""""database_source"""":""""Other""""}}"",""{""""id"""":1195710099113381040,""""type"""":""""HAS_ACTIVITY_IN"""",""""start"""":3248,""""end"""":191,""""properties"""":{""""score"""":0.0}}"",""{""""id"""":191,""""labels"""":[""""CellType""""],""""properties"""":{""""ontology_id"""":""""CL:0000235"""",""""name"""":""""macrophage""""}}""
""{""""id"""":3248,""""labels"""":[""""Pathway""""],""""properties"""":{""""name"""":""""SA_TRKA_RECEPTOR"""",""""database_source"""":""""Other""""}}"",""{""""id"""":1157429502280731824,""""type"""":""""HAS_ACTIVITY_IN"""",""""start"""":3248,""""end"""":192,""""properties"""":{""""score"""":0.0}}"",""{""""id"""":192,""""labels"""":[""""CellType""""],""""properties"""":{""""ontology_id"""":""""CL:0000236"""",""""name"""":""""B cell""""}}""
""{""""id"""":3248,""""labels"""":[""""Pathway""""],""""properties"""":{""""name"""":""""SA_TRKA_RECEPTOR"""",""""database_source"""":""""Other""""}}"",""{""""id"""":1166436701535472816,""""type"""":""""HAS_ACTIVITY_IN"""",""""start"""":3248,""""end"""":328,""""properties"""":{""""score"""":0.0}}"",""{""""id"""":328,""""labels"""":[""""CellType""""],""""properties"""":{""""ontology_id"""":""""CL:0000451"""",""""name"""":""""dendritic cell""""}}""
""{""""id"""":3248,""""labels"""":[""""Pathway""""],""""properties"""":{""""name"""":""""SA_TRKA_RECEPTOR"""",""""database_source"""":""""Other""""}}"",""{""""id"""":1179947500417584304,""""type"""":""""HAS_ACTIVITY_IN"""",""""start"""":3248,""""end"""":402,""""properties"""":{""""score"""":0.0}}"",""{""""id"""":402,""""labels"""":[""""CellType""""],""""properties"""":{""""ontology_id"""":""""CL:0000540"""",""""name"""":""""neuron""""}}""
""{""""id"""":3248,""""labels"""":[""""Pathway""""],""""properties"""":{""""name"""":""""SA_TRKA_RECEPTOR"""",""""database_source"""":""""Other""""}}"",""{""""id"""":1202465498554436784,""""type"""":""""HAS_ACTIVITY_IN"""",""""start"""":3248,""""end"""":434,""""properties"""":{""""score"""":0.0}}"",""{""""id"""":434,""""labels"""":[""""CellType""""],""""properties"""":{""""ontology_id"""":""""CL:0000576"""",""""name"""":""""monocyte""""}}""
""{""""id"""":3248,""""labels"""":[""""Pathway""""],""""properties"""":{""""name"""":""""SA_TRKA_RECEPTOR"""",""""database_source"""":""""Other""""}}"",""{""""id"""":1218228097250233520,""""type"""":""""HAS_ACTIVITY_IN"""",""""start"""":3248,""""end"""":442,""""properties"""":{""""score"""":0.0}}"",""{""""id"""":442,""""labels"""":[""""CellType""""],""""properties"""":{""""ontology_id"""":""""CL:0000584"""",""""name"""":""""enterocyte""""}}""
""{""""id"""":3248,""""labels"""":[""""Pathway""""],""""properties"""":{""""name"""":""""SA_TRKA_RECEPTOR"""",""""database_source"""":""""Other""""}}"",""{""""id"""":6937799624010760668,""""type"""":""""HAS_ACTIVITY_IN"""",""""start"""":3248,""""end"""":476,""""properties"""":{""""score"""":0.0}}"",""{""""id"""":476,""""labels"""":[""""CellType""""],""""properties"""":{""""ontology_id"""":""""CL:0000622"""",""""name"""":""""acinar cell""""}}""
""{""""id"""":3248,""""labels"""":[""""Pathway""""],""""properties"""":{""""name"""":""""SA_TRKA_RECEPTOR"""",""""database_source"""":""""Other""""}}"",""{""""id"""":1161933101908102320,""""type"""":""""HAS_ACTIVITY_IN"""",""""start"""":3248,""""end"""":477,""""properties"""":{""""score"""":0.0}}"",""{""""id"""":477,""""labels"""":[""""CellType""""],""""properties"""":{""""ontology_id"""":""""CL:0000623"""",""""name"""":""""natural killer cell""""}}""
""{""""id"""":3248,""""labels"""":[""""Pathway""""],""""properties"""":{""""name"""":""""SA_TRKA_RECEPTOR"""",""""database_source"""":""""Other""""}}"",""{""""id"""":6937799624010760715,""""type"""":""""HAS_ACTIVITY_IN"""",""""start"""":3248,""""end"""":523,""""properties"""":{""""score"""":0.0}}"",""{""""id"""":523,""""labels"""":[""""CellType""""],""""properties"""":{""""ontology_id"""":""""CL:0000678"""",""""name"""":""""commissural neuron""""}}""
""{""""id"""":3248,""""labels"""":[""""Pathway""""],""""properties"""":{""""name"""":""""SA_TRKA_RECEPTOR"""",""""database_source"""":""""Other""""}}"",""{""""id"""":6937799624010760773,""""type"""":""""HAS_ACTIVITY_IN"""",""""start"""":3248,""""end"""":581,""""properties"""":{""""score"""":0.0}}"",""{""""id"""":581,""""labels"""":[""""CellType""""],""""properties"""":{""""ontology_id"""":""""CL:0000746"""",""""name"""":""""cardiac muscle cell""""}}""
""{""""id"""":3248,""""labels"""":[""""Pathway""""],""""properties"""":{""""name"""":""""SA_TRKA_RECEPTOR"""",""""database_source"""":""""Other""""}}"",""{""""id"""":1204717298368122032,""""type"""":""""HAS_ACTIVITY_IN"""",""""start"""":3248,""""end"""":598,""""properties"""":{""""score"""":0.0}}"",""{""""id"""":598,""""labels"""":[""""CellType""""],""""properties"""":{""""ontology_id"""":""""CL:0000763"""",""""name"""":""""myeloid cell""""}}""
""{""""id"""":3248,""""labels"""":[""""Pathway""""],""""properties"""":{""""name"""":""""SA_TRKA_RECEPTOR"""",""""database_source"""":""""Other""""}}"",""{""""id"""":1175443900790213808,""""type"""":""""HAS_ACTIVITY_IN"""",""""start"""":3248,""""end"""":600,""""properties"""":{""""score"""":0.0}}"",""{""""id"""":600,""""labels"""":[""""CellType""""],""""properties"""":{""""ontology_id"""":""""CL:0000765"""",""""name"""":""""erythroblast""""}}""
""{""""id"""":3248,""""labels"""":[""""Pathway""""],""""properties"""":{""""name"""":""""SA_TRKA_RECEPTOR"""",""""database_source"""":""""Other""""}}"",""{""""id"""":1206969098181807280,""""type"""":""""HAS_ACTIVITY_IN"""",""""start"""":3248,""""end"""":610,""""properties"""":{""""score"""":0.0}}"",""{""""id"""":610,""""labels"""":[""""CellType""""],""""properties"""":{""""ontology_id"""":""""CL:0000775"""",""""name"""":""""neutrophil""""}}""
""{""""id"""":3248,""""labels"""":[""""Pathway""""],""""properties"""":{""""name"""":""""SA_TRKA_RECEPTOR"""",""""database_source"""":""""Other""""}}"",""{""""id"""":1159681302094417072,""""type"""":""""HAS_ACTIVITY_IN"""",""""start"""":3248,""""end"""":621,""""properties"""":{""""score"""":0.0}}"",""{""""id"""":621,""""labels"""":[""""CellType""""],""""properties"""":{""""ontology_id"""":""""CL:0000786"""",""""name"""":""""plasma cell""""}}""
""{""""id"""":3248,""""labels"""":[""""Pathway""""],""""properties"""":{""""name"""":""""SA_TRKA_RECEPTOR"""",""""database_source"""":""""Other""""}}"",""{""""id"""":6937799624010760826,""""type"""":""""HAS_ACTIVITY_IN"""",""""start"""":3248,""""end"""":634,""""properties"""":{""""score"""":0.0}}"",""{""""id"""":634,""""labels"""":[""""CellType""""],""""properties"""":{""""ontology_id"""":""""CL:0000799"""",""""name"""":""""immature gamma-delta T cell""""}}""
""{""""id"""":3248,""""labels"""":[""""Pathway""""],""""properties"""":{""""name"""":""""SA_TRKA_RECEPTOR"""",""""database_source"""":""""Other""""}}"",""{""""id"""":1193458299299695792,""""type"""":""""HAS_ACTIVITY_IN"""",""""start"""":3248,""""end"""":695,""""properties"""":{""""score"""":0.0}}"",""{""""id"""":695,""""labels"""":[""""CellType""""],""""properties"""":{""""ontology_id"""":""""CL:0000863"""",""""name"""":""""inflammatory macrophage""""}}""
""{""""id"""":3248,""""labels"""":[""""Pathway""""],""""properties"""":{""""name"""":""""SA_TRKA_RECEPTOR"""",""""database_source"""":""""Other""""}}"",""{""""id"""":6937799624010761174,""""type"""":""""HAS_ACTIVITY_IN"""",""""start"""":3248,""""end"""":982,""""properties"""":{""""score"""":0.0}}"",""{""""id"""":982,""""labels"""":[""""CellType""""],""""properties"""":{""""ontology_id"""":""""CL:0002063"""",""""name"""":""""pulmonary alveolar type 2 cell""""}}""
""{""""id"""":3248,""""labels"""":[""""Pathway""""],""""properties"""":{""""name"""":""""SA_TRKA_RECEPTOR"""",""""database_source"""":""""Other""""}}"",""{""""id"""":1177695700603899056,""""type"""":""""HAS_ACTIVITY_IN"""",""""start"""":3248,""""end"""":1018,""""properties"""":{""""score"""":0.0}}"",""{""""id"""":1018,""""labels"""":[""""CellType""""],""""properties"""":{""""ontology_id"""":""""CL:0002100"""",""""name"""":""""regular interventricular cardiac myocyte""""}}""
""{""""id"""":3248,""""labels"""":[""""Pathway""""],""""properties"""":{""""name"""":""""SA_TRKA_RECEPTOR"""",""""database_source"""":""""Other""""}}"",""{""""id"""":1213724497622863024,""""type"""":""""HAS_ACTIVITY_IN"""",""""start"""":3248,""""end"""":1064,""""properties"""":{""""score"""":0.0}}"",""{""""id"""":1064,""""labels"""":[""""CellType""""],""""properties"""":{""""ontology_id"""":""""CL:0002146"""",""""name"""":""""clear cell of eccrine sweat gland""""}}""
""{""""id"""":3248,""""labels"""":[""""Pathway""""],""""properties"""":{""""name"""":""""SA_TRKA_RECEPTOR"""",""""database_source"""":""""Other""""}}"",""{""""id"""":6937799624010761261,""""type"""":""""HAS_ACTIVITY_IN"""",""""start"""":3248,""""end"""":1069,""""properties"""":{""""score"""":0.0}}"",""{""""id"""":1069,""""labels"""":[""""CellType""""],""""properties"""":{""""ontology_id"""":""""CL:0002151"""",""""name"""":""""late promyelocyte""""}}""
""{""""id"""":3248,""""labels"""":[""""Pathway""""],""""properties"""":{""""name"""":""""SA_TRKA_RECEPTOR"""",""""database_source"""":""""Other""""}}"",""{""""id"""":1182199300231269552,""""type"""":""""HAS_ACTIVITY_IN"""",""""start"""":3248,""""end"""":1138,""""properties"""":{""""score"""":0.0}}"",""{""""id"""":1138,""""labels"""":[""""CellType""""],""""properties"""":{""""ontology_id"""":""""CL:0002224"""",""""name"""":""""lens epithelial cell""""}}""
""{""""id"""":3248,""""labels"""":[""""Pathway""""],""""properties"""":{""""name"""":""""SA_TRKA_RECEPTOR"""",""""database_source"""":""""Other""""}}"",""{""""id"""":1186702899858640048,""""type"""":""""HAS_ACTIVITY_IN"""",""""start"""":3248,""""end"""":1230,""""properties"""":{""""score"""":0.0}}"",""{""""id"""":1230,""""labels"""":[""""CellType""""],""""properties"""":{""""ontology_id"""":""""CL:0002319"""",""""name"""":""""neural cell""""}}""
""{""""id"""":3248,""""labels"""":[""""Pathway""""],""""properties"""":{""""name"""":""""SA_TRKA_RECEPTOR"""",""""database_source"""":""""Other""""}}"",""{""""id"""":1229487096318659760,""""type"""":""""HAS_ACTIVITY_IN"""",""""start"""":3248,""""end"""":1233,""""properties"""":{""""score"""":0.0}}"",""{""""id"""":1233,""""labels"""":[""""CellType""""],""""properties"""":{""""ontology_id"""":""""CL:0002322"""",""""name"""":""""embryonic stem cell""""}}""
""{""""id"""":3248,""""labels"""":[""""Pathway""""],""""properties"""":{""""name"""":""""SA_TRKA_RECEPTOR"""",""""database_source"""":""""Other""""}}"",""{""""id"""":1170940301162843312,""""type"""":""""HAS_ACTIVITY_IN"""",""""start"""":3248,""""end"""":1787,""""properties"""":{""""score"""":0.0}}"",""{""""id"""":1787,""""labels"""":[""""CellType""""],""""properties"""":{""""ontology_id"""":""""CL:0009004"""",""""name"""":""""retinal cell""""}}""
"